url,job_id,title,company,salary,job_type,location,experience_level,date_posted,skills,source_combo
N/A,N/A,N/A,N/A,N/A,N/A,N/A,N/A,N/A,N/A,sepenuh-masa-besut
https://www.maukerja.my/job?jobId=26123215&slug=turtle-conservation-intern,N/A,Turtle Conservation Intern,Bubbles Turtle Conservation,Undisclosed,Sepenuh Masa,Kuala Besut,Undisclosed,21 days ago,N/A,sepenuh-masa-besut
https://www.maukerja.my/job?jobId=26082873&slug=eksekutif-akaun,N/A,Eksekutif Akaun,TR0143233-H,Undisclosed,Sepenuh Masa,Besut,Undisclosed,a month ago,N/A,sepenuh-masa-besut
N/A,N/A,N/A,N/A,N/A,N/A,N/A,N/A,N/A,N/A,sepenuh-masa-besut
https://www.maukerja.my/job?jobId=26123215&slug=turtle-conservation-intern,N/A,Turtle Conservation Intern,Bubbles Turtle Conservation,Undisclosed,Sepenuh Masa,Kuala Besut,Undisclosed,21 days ago,N/A,sepenuh-masa-besut
https://www.maukerja.my/job?jobId=26082873&slug=eksekutif-akaun,N/A,Eksekutif Akaun,TR0143233-H,Undisclosed,Sepenuh Masa,Besut,Undisclosed,a month ago,N/A,sepenuh-masa-besut
N/A,N/A,N/A,N/A,N/A,N/A,N/A,N/A,N/A,N/A,sepenuh-masa-besut
https://www.maukerja.my/job?jobId=26123215&slug=turtle-conservation-intern,N/A,Turtle Conservation Intern,Bubbles Turtle Conservation,Undisclosed,Sepenuh Masa,Kuala Besut,Undisclosed,21 days ago,N/A,sepenuh-masa-besut
https://www.maukerja.my/job?jobId=26082873&slug=eksekutif-akaun,N/A,Eksekutif Akaun,TR0143233-H,Undisclosed,Sepenuh Masa,Besut,Undisclosed,a month ago,N/A,sepenuh-masa-besut
N/A,N/A,N/A,N/A,N/A,N/A,N/A,N/A,N/A,N/A,sepenuh-masa-besut
https://www.maukerja.my/job?jobId=26123215&slug=turtle-conservation-intern,N/A,Turtle Conservation Intern,Bubbles Turtle Conservation,Undisclosed,Sepenuh Masa,Kuala Besut,Undisclosed,21 days ago,N/A,sepenuh-masa-besut
https://www.maukerja.my/job?jobId=26082873&slug=eksekutif-akaun,N/A,Eksekutif Akaun,TR0143233-H,Undisclosed,Sepenuh Masa,Besut,Undisclosed,a month ago,N/A,sepenuh-masa-besut
N/A,N/A,N/A,N/A,N/A,N/A,N/A,N/A,N/A,N/A,sepenuh-masa-besut
https://www.maukerja.my/job?jobId=26123215&slug=turtle-conservation-intern,N/A,Turtle Conservation Intern,Bubbles Turtle Conservation,Undisclosed,Sepenuh Masa,Kuala Besut,Undisclosed,21 days ago,N/A,sepenuh-masa-besut
https://www.maukerja.my/job?jobId=26082873&slug=eksekutif-akaun,N/A,Eksekutif Akaun,TR0143233-H,Undisclosed,Sepenuh Masa,Besut,Undisclosed,a month ago,N/A,sepenuh-masa-besut
N/A,N/A,N/A,N/A,N/A,N/A,N/A,N/A,N/A,N/A,sepenuh-masa-besut
https://www.maukerja.my/job?jobId=26123215&slug=turtle-conservation-intern,N/A,Turtle Conservation Intern,Bubbles Turtle Conservation,Undisclosed,Sepenuh Masa,Kuala Besut,Undisclosed,21 days ago,N/A,sepenuh-masa-besut
https://www.maukerja.my/job?jobId=26082873&slug=eksekutif-akaun,N/A,Eksekutif Akaun,TR0143233-H,Undisclosed,Sepenuh Masa,Besut,Undisclosed,a month ago,N/A,sepenuh-masa-besut
N/A,N/A,N/A,N/A,N/A,N/A,N/A,N/A,N/A,N/A,sepenuh-masa-besut
https://www.maukerja.my/job?jobId=26123215&slug=turtle-conservation-intern,N/A,Turtle Conservation Intern,Bubbles Turtle Conservation,Undisclosed,Full Time,Kuala Besut,Undisclosed,21 days ago,N/A,sepenuh-masa-besut
https://www.maukerja.my/job?jobId=26082873&slug=eksekutif-akaun,N/A,Eksekutif Akaun,TR0143233-H,Undisclosed,Full Time,Besut,Undisclosed,a month ago,N/A,sepenuh-masa-besut
N/A,N/A,N/A,N/A,N/A,N/A,N/A,N/A,N/A,N/A,sepenuh-masa-besut
https://www.maukerja.my/job?jobId=26123215&slug=turtle-conservation-intern,N/A,Turtle Conservation Intern,Bubbles Turtle Conservation,Undisclosed,Sepenuh Masa,Kuala Besut,Undisclosed,21 days ago,N/A,sepenuh-masa-besut
https://www.maukerja.my/job?jobId=26082873&slug=eksekutif-akaun,N/A,Eksekutif Akaun,TR0143233-H,Undisclosed,Sepenuh Masa,Besut,Undisclosed,a month ago,N/A,sepenuh-masa-besut
N/A,N/A,N/A,N/A,N/A,N/A,N/A,N/A,N/A,N/A,sepenuh-masa-besut
https://www.maukerja.my/job?jobId=26123215&slug=turtle-conservation-intern,N/A,Turtle Conservation Intern,Bubbles Turtle Conservation,Undisclosed,Sepenuh Masa,Kuala Besut,Undisclosed,21 days ago,N/A,sepenuh-masa-besut
https://www.maukerja.my/job?jobId=26082873&slug=eksekutif-akaun,N/A,Eksekutif Akaun,TR0143233-H,Undisclosed,Sepenuh Masa,Besut,Undisclosed,a month ago,N/A,sepenuh-masa-besut
N/A,N/A,N/A,N/A,N/A,N/A,N/A,N/A,N/A,N/A,sepenuh-masa-besut
https://www.maukerja.my/job?jobId=26123215&slug=turtle-conservation-intern,N/A,Turtle Conservation Intern,Bubbles Turtle Conservation,Undisclosed,Sepenuh Masa,Kuala Besut,Undisclosed,21 days ago,N/A,sepenuh-masa-besut
https://www.maukerja.my/job?jobId=26082873&slug=eksekutif-akaun,N/A,Eksekutif Akaun,TR0143233-H,Undisclosed,Sepenuh Masa,Besut,Undisclosed,a month ago,N/A,sepenuh-masa-besut
N/A,N/A,N/A,N/A,N/A,N/A,N/A,N/A,N/A,N/A,sepenuh-masa-besut
https://www.maukerja.my/job?jobId=26123215&slug=turtle-conservation-intern,N/A,Turtle Conservation Intern,Bubbles Turtle Conservation,Undisclosed,Sepenuh Masa,Kuala Besut,Undisclosed,21 days ago,N/A,sepenuh-masa-besut
https://www.maukerja.my/job?jobId=26082873&slug=eksekutif-akaun,N/A,Eksekutif Akaun,TR0143233-H,Undisclosed,Sepenuh Masa,Besut,Undisclosed,a month ago,N/A,sepenuh-masa-besut
N/A,N/A,N/A,N/A,N/A,N/A,N/A,N/A,N/A,N/A,sepenuh-masa-besut
https://www.maukerja.my/job?jobId=26123215&slug=turtle-conservation-intern,N/A,Turtle Conservation Intern,Bubbles Turtle Conservation,Undisclosed,Sepenuh Masa,Kuala Besut,Undisclosed,21 days ago,N/A,sepenuh-masa-besut
https://www.maukerja.my/job?jobId=26082873&slug=eksekutif-akaun,N/A,Eksekutif Akaun,TR0143233-H,Undisclosed,Sepenuh Masa,Besut,Undisclosed,a month ago,N/A,sepenuh-masa-besut
N/A,N/A,N/A,N/A,N/A,N/A,N/A,N/A,N/A,N/A,sepenuh-masa-besut
https://www.maukerja.my/job?jobId=26123215&slug=turtle-conservation-intern,N/A,Turtle Conservation Intern,Bubbles Turtle Conservation,Undisclosed,Sepenuh Masa,Kuala Besut,Undisclosed,21 days ago,N/A,sepenuh-masa-besut
https://www.maukerja.my/job?jobId=26082873&slug=eksekutif-akaun,N/A,Eksekutif Akaun,TR0143233-H,Undisclosed,Sepenuh Masa,Besut,Undisclosed,a month ago,N/A,sepenuh-masa-besut
N/A,N/A,N/A,N/A,N/A,N/A,N/A,N/A,N/A,N/A,sepenuh-masa-besut
https://www.maukerja.my/job?jobId=26123215&slug=turtle-conservation-intern,N/A,Turtle Conservation Intern,Bubbles Turtle Conservation,Undisclosed,Sepenuh Masa,Kuala Besut,Undisclosed,21 days ago,N/A,sepenuh-masa-besut
https://www.maukerja.my/job?jobId=26082873&slug=eksekutif-akaun,N/A,Eksekutif Akaun,TR0143233-H,Undisclosed,Sepenuh Masa,Besut,Undisclosed,a month ago,N/A,sepenuh-masa-besut
N/A,N/A,N/A,N/A,N/A,N/A,N/A,N/A,N/A,N/A,sepenuh-masa-besut
https://www.maukerja.my/job?jobId=26123215&slug=turtle-conservation-intern,N/A,Turtle Conservation Intern,Bubbles Turtle Conservation,Undisclosed,Sepenuh Masa,Kuala Besut,Undisclosed,21 days ago,N/A,sepenuh-masa-besut
https://www.maukerja.my/job?jobId=26082873&slug=eksekutif-akaun,N/A,Eksekutif Akaun,TR0143233-H,Undisclosed,Sepenuh Masa,Besut,Undisclosed,a month ago,N/A,sepenuh-masa-besut
N/A,N/A,N/A,N/A,N/A,N/A,N/A,N/A,N/A,N/A,sepenuh-masa-besut
https://www.maukerja.my/job?jobId=26123215&slug=turtle-conservation-intern,N/A,Turtle Conservation Intern,Bubbles Turtle Conservation,Undisclosed,Sepenuh Masa,Kuala Besut,Undisclosed,21 days ago,N/A,sepenuh-masa-besut
https://www.maukerja.my/job?jobId=26082873&slug=eksekutif-akaun,N/A,Eksekutif Akaun,TR0143233-H,Undisclosed,Sepenuh Masa,Besut,Undisclosed,a month ago,N/A,sepenuh-masa-besut
N/A,N/A,N/A,N/A,N/A,N/A,N/A,N/A,N/A,N/A,sepenuh-masa-besut
https://www.maukerja.my/job?jobId=26123215&slug=turtle-conservation-intern,N/A,Turtle Conservation Intern,Bubbles Turtle Conservation,Undisclosed,Sepenuh Masa,Kuala Besut,Undisclosed,21 days ago,N/A,sepenuh-masa-besut
https://www.maukerja.my/job?jobId=26082873&slug=eksekutif-akaun,N/A,Eksekutif Akaun,TR0143233-H,Undisclosed,Sepenuh Masa,Besut,Undisclosed,a month ago,N/A,sepenuh-masa-besut
N/A,N/A,N/A,N/A,N/A,N/A,N/A,N/A,N/A,N/A,sepenuh-masa-besut
https://www.maukerja.my/job?jobId=26123215&slug=turtle-conservation-intern,N/A,Turtle Conservation Intern,Bubbles Turtle Conservation,Undisclosed,Sepenuh Masa,Kuala Besut,Undisclosed,21 days ago,N/A,sepenuh-masa-besut
https://www.maukerja.my/job?jobId=26082873&slug=eksekutif-akaun,N/A,Eksekutif Akaun,TR0143233-H,Undisclosed,Sepenuh Masa,Besut,Undisclosed,a month ago,N/A,sepenuh-masa-besut
N/A,N/A,N/A,N/A,N/A,N/A,N/A,N/A,N/A,N/A,sepenuh-masa-besut
https://www.maukerja.my/job?jobId=26123215&slug=turtle-conservation-intern,N/A,Turtle Conservation Intern,Bubbles Turtle Conservation,Undisclosed,Sepenuh Masa,Kuala Besut,Undisclosed,21 days ago,N/A,sepenuh-masa-besut
https://www.maukerja.my/job?jobId=26082873&slug=eksekutif-akaun,N/A,Eksekutif Akaun,TR0143233-H,Undisclosed,Sepenuh Masa,Besut,Undisclosed,a month ago,N/A,sepenuh-masa-besut
N/A,N/A,N/A,N/A,N/A,N/A,N/A,N/A,N/A,N/A,sepenuh-masa-besut
https://www.maukerja.my/job?jobId=26123215&slug=turtle-conservation-intern,N/A,Turtle Conservation Intern,Bubbles Turtle Conservation,Undisclosed,Sepenuh Masa,Kuala Besut,Undisclosed,21 days ago,N/A,sepenuh-masa-besut
https://www.maukerja.my/job?jobId=26082873&slug=eksekutif-akaun,N/A,Eksekutif Akaun,TR0143233-H,Undisclosed,Sepenuh Masa,Besut,Undisclosed,a month ago,N/A,sepenuh-masa-besut
N/A,N/A,N/A,N/A,N/A,N/A,N/A,N/A,N/A,N/A,sepenuh-masa-besut
https://www.maukerja.my/job?jobId=26123215&slug=turtle-conservation-intern,N/A,Turtle Conservation Intern,Bubbles Turtle Conservation,Undisclosed,Sepenuh Masa,Kuala Besut,Undisclosed,21 days ago,N/A,sepenuh-masa-besut
https://www.maukerja.my/job?jobId=26082873&slug=eksekutif-akaun,N/A,Eksekutif Akaun,TR0143233-H,Undisclosed,Sepenuh Masa,Besut,Undisclosed,a month ago,N/A,sepenuh-masa-besut
N/A,N/A,N/A,N/A,N/A,N/A,N/A,N/A,N/A,N/A,sepenuh-masa-besut
https://www.maukerja.my/job?jobId=26123215&slug=turtle-conservation-intern,N/A,Turtle Conservation Intern,Bubbles Turtle Conservation,Undisclosed,Sepenuh Masa,Kuala Besut,Undisclosed,21 days ago,N/A,sepenuh-masa-besut
https://www.maukerja.my/job?jobId=26082873&slug=eksekutif-akaun,N/A,Eksekutif Akaun,TR0143233-H,Undisclosed,Sepenuh Masa,Besut,Undisclosed,a month ago,N/A,sepenuh-masa-besut
N/A,N/A,N/A,N/A,N/A,N/A,N/A,N/A,N/A,N/A,sepenuh-masa-besut
https://www.maukerja.my/job?jobId=26123215&slug=turtle-conservation-intern,N/A,Turtle Conservation Intern,Bubbles Turtle Conservation,Undisclosed,Sepenuh Masa,Kuala Besut,Undisclosed,21 days ago,N/A,sepenuh-masa-besut
https://www.maukerja.my/job?jobId=26082873&slug=eksekutif-akaun,N/A,Eksekutif Akaun,TR0143233-H,Undisclosed,Sepenuh Masa,Besut,Undisclosed,a month ago,N/A,sepenuh-masa-besut
N/A,N/A,N/A,N/A,N/A,N/A,N/A,N/A,N/A,N/A,sepenuh-masa-besut
https://www.maukerja.my/job?jobId=26123215&slug=turtle-conservation-intern,N/A,Turtle Conservation Intern,Bubbles Turtle Conservation,Undisclosed,Sepenuh Masa,Kuala Besut,Undisclosed,21 days ago,N/A,sepenuh-masa-besut
https://www.maukerja.my/job?jobId=26082873&slug=eksekutif-akaun,N/A,Eksekutif Akaun,TR0143233-H,Undisclosed,Sepenuh Masa,Besut,Undisclosed,a month ago,N/A,sepenuh-masa-besut
N/A,N/A,N/A,N/A,N/A,N/A,N/A,N/A,N/A,N/A,sepenuh-masa-besut
https://www.maukerja.my/job?jobId=26123215&slug=turtle-conservation-intern,N/A,Turtle Conservation Intern,Bubbles Turtle Conservation,Undisclosed,Sepenuh Masa,Kuala Besut,Undisclosed,21 days ago,N/A,sepenuh-masa-besut
https://www.maukerja.my/job?jobId=26082873&slug=eksekutif-akaun,N/A,Eksekutif Akaun,TR0143233-H,Undisclosed,Sepenuh Masa,Besut,Undisclosed,a month ago,N/A,sepenuh-masa-besut
N/A,N/A,N/A,N/A,N/A,N/A,N/A,N/A,N/A,N/A,sepenuh-masa-besut
https://www.maukerja.my/job?jobId=26123215&slug=turtle-conservation-intern,N/A,Turtle Conservation Intern,Bubbles Turtle Conservation,Undisclosed,Sepenuh Masa,Kuala Besut,Undisclosed,21 days ago,N/A,sepenuh-masa-besut
https://www.maukerja.my/job?jobId=26082873&slug=eksekutif-akaun,N/A,Eksekutif Akaun,TR0143233-H,Undisclosed,Sepenuh Masa,Besut,Undisclosed,a month ago,N/A,sepenuh-masa-besut
N/A,N/A,N/A,N/A,N/A,N/A,N/A,N/A,N/A,N/A,sepenuh-masa-besut
https://www.maukerja.my/job?jobId=26123215&slug=turtle-conservation-intern,N/A,Turtle Conservation Intern,Bubbles Turtle Conservation,Undisclosed,Sepenuh Masa,Kuala Besut,Undisclosed,21 days ago,N/A,sepenuh-masa-besut
https://www.maukerja.my/job?jobId=26082873&slug=eksekutif-akaun,N/A,Eksekutif Akaun,TR0143233-H,Undisclosed,Sepenuh Masa,Besut,Undisclosed,a month ago,N/A,sepenuh-masa-besut
N/A,N/A,N/A,N/A,N/A,N/A,N/A,N/A,N/A,N/A,sepenuh-masa-besut
https://www.maukerja.my/job?jobId=26123215&slug=turtle-conservation-intern,N/A,Turtle Conservation Intern,Bubbles Turtle Conservation,Undisclosed,Sepenuh Masa,Kuala Besut,Undisclosed,21 days ago,N/A,sepenuh-masa-besut
https://www.maukerja.my/job?jobId=26082873&slug=eksekutif-akaun,N/A,Eksekutif Akaun,TR0143233-H,Undisclosed,Sepenuh Masa,Besut,Undisclosed,a month ago,N/A,sepenuh-masa-besut
N/A,N/A,N/A,N/A,N/A,N/A,N/A,N/A,N/A,N/A,sepenuh-masa-besut
https://www.maukerja.my/job?jobId=26123215&slug=turtle-conservation-intern,N/A,Turtle Conservation Intern,Bubbles Turtle Conservation,Undisclosed,Sepenuh Masa,Kuala Besut,Undisclosed,21 days ago,N/A,sepenuh-masa-besut
https://www.maukerja.my/job?jobId=26082873&slug=eksekutif-akaun,N/A,Eksekutif Akaun,TR0143233-H,Undisclosed,Sepenuh Masa,Besut,Undisclosed,a month ago,N/A,sepenuh-masa-besut
N/A,N/A,N/A,N/A,N/A,N/A,N/A,N/A,N/A,N/A,sepenuh-masa-besut
https://www.maukerja.my/job?jobId=26123215&slug=turtle-conservation-intern,N/A,Turtle Conservation Intern,Bubbles Turtle Conservation,Undisclosed,Sepenuh Masa,Kuala Besut,Undisclosed,21 days ago,N/A,sepenuh-masa-besut
https://www.maukerja.my/job?jobId=26082873&slug=eksekutif-akaun,N/A,Eksekutif Akaun,TR0143233-H,Undisclosed,Sepenuh Masa,Besut,Undisclosed,a month ago,N/A,sepenuh-masa-besut
N/A,N/A,N/A,N/A,N/A,N/A,N/A,N/A,N/A,N/A,sepenuh-masa-besut
https://www.maukerja.my/job?jobId=26123215&slug=turtle-conservation-intern,N/A,Turtle Conservation Intern,Bubbles Turtle Conservation,Undisclosed,Sepenuh Masa,Kuala Besut,Undisclosed,21 days ago,N/A,sepenuh-masa-besut
https://www.maukerja.my/job?jobId=26082873&slug=eksekutif-akaun,N/A,Eksekutif Akaun,TR0143233-H,Undisclosed,Sepenuh Masa,Besut,Undisclosed,a month ago,N/A,sepenuh-masa-besut
N/A,N/A,N/A,N/A,N/A,N/A,N/A,N/A,N/A,N/A,sepenuh-masa-besut
https://www.maukerja.my/job?jobId=26123215&slug=turtle-conservation-intern,N/A,Turtle Conservation Intern,Bubbles Turtle Conservation,Undisclosed,Sepenuh Masa,Kuala Besut,Undisclosed,21 days ago,N/A,sepenuh-masa-besut
https://www.maukerja.my/job?jobId=26082873&slug=eksekutif-akaun,N/A,Eksekutif Akaun,TR0143233-H,Undisclosed,Sepenuh Masa,Besut,Undisclosed,a month ago,N/A,sepenuh-masa-besut
N/A,N/A,N/A,N/A,N/A,N/A,N/A,N/A,N/A,N/A,sepenuh-masa-besut
https://www.maukerja.my/job?jobId=26123215&slug=turtle-conservation-intern,N/A,Turtle Conservation Intern,Bubbles Turtle Conservation,Undisclosed,Sepenuh Masa,Kuala Besut,Undisclosed,21 days ago,N/A,sepenuh-masa-besut
https://www.maukerja.my/job?jobId=26082873&slug=eksekutif-akaun,N/A,Eksekutif Akaun,TR0143233-H,Undisclosed,Sepenuh Masa,Besut,Undisclosed,a month ago,N/A,sepenuh-masa-besut
N/A,N/A,N/A,N/A,N/A,N/A,N/A,N/A,N/A,N/A,sepenuh-masa-besut
https://www.maukerja.my/job?jobId=26123215&slug=turtle-conservation-intern,N/A,Turtle Conservation Intern,Bubbles Turtle Conservation,Undisclosed,Sepenuh Masa,Kuala Besut,Undisclosed,21 days ago,N/A,sepenuh-masa-besut
https://www.maukerja.my/job?jobId=26082873&slug=eksekutif-akaun,N/A,Eksekutif Akaun,TR0143233-H,Undisclosed,Sepenuh Masa,Besut,Undisclosed,a month ago,N/A,sepenuh-masa-besut
N/A,N/A,N/A,N/A,N/A,N/A,N/A,N/A,N/A,N/A,sepenuh-masa-besut
https://www.maukerja.my/job?jobId=26123215&slug=turtle-conservation-intern,N/A,Turtle Conservation Intern,Bubbles Turtle Conservation,Undisclosed,Sepenuh Masa,Kuala Besut,Undisclosed,21 days ago,N/A,sepenuh-masa-besut
https://www.maukerja.my/job?jobId=26082873&slug=eksekutif-akaun,N/A,Eksekutif Akaun,TR0143233-H,Undisclosed,Sepenuh Masa,Besut,Undisclosed,a month ago,N/A,sepenuh-masa-besut
N/A,N/A,N/A,N/A,N/A,N/A,N/A,N/A,N/A,N/A,sepenuh-masa-besut
https://www.maukerja.my/job?jobId=26123215&slug=turtle-conservation-intern,N/A,Turtle Conservation Intern,Bubbles Turtle Conservation,Undisclosed,Sepenuh Masa,Kuala Besut,Undisclosed,21 days ago,N/A,sepenuh-masa-besut
https://www.maukerja.my/job?jobId=26082873&slug=eksekutif-akaun,N/A,Eksekutif Akaun,TR0143233-H,Undisclosed,Sepenuh Masa,Besut,Undisclosed,a month ago,N/A,sepenuh-masa-besut
N/A,N/A,N/A,N/A,N/A,N/A,N/A,N/A,N/A,N/A,sepenuh-masa-besut
https://www.maukerja.my/job?jobId=26123215&slug=turtle-conservation-intern,N/A,Turtle Conservation Intern,Bubbles Turtle Conservation,Undisclosed,Sepenuh Masa,Kuala Besut,Undisclosed,21 days ago,N/A,sepenuh-masa-besut
https://www.maukerja.my/job?jobId=26082873&slug=eksekutif-akaun,N/A,Eksekutif Akaun,TR0143233-H,Undisclosed,Sepenuh Masa,Besut,Undisclosed,a month ago,N/A,sepenuh-masa-besut
N/A,N/A,N/A,N/A,N/A,N/A,N/A,N/A,N/A,N/A,sepenuh-masa-besut
https://www.maukerja.my/job?jobId=26123215&slug=turtle-conservation-intern,N/A,Turtle Conservation Intern,Bubbles Turtle Conservation,Undisclosed,Sepenuh Masa,Kuala Besut,Undisclosed,21 days ago,N/A,sepenuh-masa-besut
https://www.maukerja.my/job?jobId=26082873&slug=eksekutif-akaun,N/A,Eksekutif Akaun,TR0143233-H,Undisclosed,Sepenuh Masa,Besut,Undisclosed,a month ago,N/A,sepenuh-masa-besut
N/A,N/A,N/A,N/A,N/A,N/A,N/A,N/A,N/A,N/A,sepenuh-masa-besut
https://www.maukerja.my/job?jobId=26123215&slug=turtle-conservation-intern,N/A,Turtle Conservation Intern,Bubbles Turtle Conservation,Undisclosed,Sepenuh Masa,Kuala Besut,Undisclosed,21 days ago,N/A,sepenuh-masa-besut
https://www.maukerja.my/job?jobId=26082873&slug=eksekutif-akaun,N/A,Eksekutif Akaun,TR0143233-H,Undisclosed,Sepenuh Masa,Besut,Undisclosed,a month ago,N/A,sepenuh-masa-besut
N/A,N/A,N/A,N/A,N/A,N/A,N/A,N/A,N/A,N/A,sepenuh-masa-besut
https://www.maukerja.my/job?jobId=26123215&slug=turtle-conservation-intern,N/A,Turtle Conservation Intern,Bubbles Turtle Conservation,Undisclosed,Sepenuh Masa,Kuala Besut,Undisclosed,21 days ago,N/A,sepenuh-masa-besut
https://www.maukerja.my/job?jobId=26082873&slug=eksekutif-akaun,N/A,Eksekutif Akaun,TR0143233-H,Undisclosed,Sepenuh Masa,Besut,Undisclosed,a month ago,N/A,sepenuh-masa-besut
N/A,N/A,N/A,N/A,N/A,N/A,N/A,N/A,N/A,N/A,sepenuh-masa-besut
https://www.maukerja.my/job?jobId=26123215&slug=turtle-conservation-intern,N/A,Turtle Conservation Intern,Bubbles Turtle Conservation,Undisclosed,Full Time,Kuala Besut,Undisclosed,21 days ago,N/A,sepenuh-masa-besut
https://www.maukerja.my/job?jobId=26082873&slug=eksekutif-akaun,N/A,Eksekutif Akaun,TR0143233-H,Undisclosed,Full Time,Besut,Undisclosed,a month ago,N/A,sepenuh-masa-besut
N/A,N/A,N/A,N/A,N/A,N/A,N/A,N/A,N/A,N/A,sepenuh-masa-besut
https://www.maukerja.my/job?jobId=26123215&slug=turtle-conservation-intern,N/A,Turtle Conservation Intern,Bubbles Turtle Conservation,Undisclosed,Sepenuh Masa,Kuala Besut,Undisclosed,21 days ago,N/A,sepenuh-masa-besut
https://www.maukerja.my/job?jobId=26082873&slug=eksekutif-akaun,N/A,Eksekutif Akaun,TR0143233-H,Undisclosed,Sepenuh Masa,Besut,Undisclosed,a month ago,N/A,sepenuh-masa-besut
N/A,N/A,N/A,N/A,N/A,N/A,N/A,N/A,N/A,N/A,sepenuh-masa-besut
https://www.maukerja.my/job?jobId=26123215&slug=turtle-conservation-intern,N/A,Turtle Conservation Intern,Bubbles Turtle Conservation,Undisclosed,Sepenuh Masa,Kuala Besut,Undisclosed,21 days ago,N/A,sepenuh-masa-besut
https://www.maukerja.my/job?jobId=26082873&slug=eksekutif-akaun,N/A,Eksekutif Akaun,TR0143233-H,Undisclosed,Sepenuh Masa,Besut,Undisclosed,a month ago,N/A,sepenuh-masa-besut
N/A,N/A,N/A,N/A,N/A,N/A,N/A,N/A,N/A,N/A,sepenuh-masa-besut
https://www.maukerja.my/job?jobId=26123215&slug=turtle-conservation-intern,N/A,Turtle Conservation Intern,Bubbles Turtle Conservation,Undisclosed,Sepenuh Masa,Kuala Besut,Undisclosed,21 days ago,N/A,sepenuh-masa-besut
https://www.maukerja.my/job?jobId=26082873&slug=eksekutif-akaun,N/A,Eksekutif Akaun,TR0143233-H,Undisclosed,Sepenuh Masa,Besut,Undisclosed,a month ago,N/A,sepenuh-masa-besut
N/A,N/A,N/A,N/A,N/A,N/A,N/A,N/A,N/A,N/A,sepenuh-masa-besut
https://www.maukerja.my/job?jobId=26123215&slug=turtle-conservation-intern,N/A,Turtle Conservation Intern,Bubbles Turtle Conservation,Undisclosed,Sepenuh Masa,Kuala Besut,Undisclosed,21 days ago,N/A,sepenuh-masa-besut
https://www.maukerja.my/job?jobId=26082873&slug=eksekutif-akaun,N/A,Eksekutif Akaun,TR0143233-H,Undisclosed,Sepenuh Masa,Besut,Undisclosed,a month ago,N/A,sepenuh-masa-besut
N/A,N/A,N/A,N/A,N/A,N/A,N/A,N/A,N/A,N/A,sepenuh-masa-besut
https://www.maukerja.my/job?jobId=26123215&slug=turtle-conservation-intern,N/A,Turtle Conservation Intern,Bubbles Turtle Conservation,Undisclosed,Sepenuh Masa,Kuala Besut,Undisclosed,21 days ago,N/A,sepenuh-masa-besut
https://www.maukerja.my/job?jobId=26082873&slug=eksekutif-akaun,N/A,Eksekutif Akaun,TR0143233-H,Undisclosed,Sepenuh Masa,Besut,Undisclosed,a month ago,N/A,sepenuh-masa-besut
N/A,N/A,N/A,N/A,N/A,N/A,N/A,N/A,N/A,N/A,sepenuh-masa-besut
https://www.maukerja.my/job?jobId=26123215&slug=turtle-conservation-intern,N/A,Turtle Conservation Intern,Bubbles Turtle Conservation,Undisclosed,Sepenuh Masa,Kuala Besut,Undisclosed,21 days ago,N/A,sepenuh-masa-besut
https://www.maukerja.my/job?jobId=26082873&slug=eksekutif-akaun,N/A,Eksekutif Akaun,TR0143233-H,Undisclosed,Sepenuh Masa,Besut,Undisclosed,a month ago,N/A,sepenuh-masa-besut
N/A,N/A,N/A,N/A,N/A,N/A,N/A,N/A,N/A,N/A,sepenuh-masa-besut
https://www.maukerja.my/job?jobId=26123215&slug=turtle-conservation-intern,N/A,Turtle Conservation Intern,Bubbles Turtle Conservation,Undisclosed,Sepenuh Masa,Kuala Besut,Undisclosed,21 days ago,N/A,sepenuh-masa-besut
https://www.maukerja.my/job?jobId=26082873&slug=eksekutif-akaun,N/A,Eksekutif Akaun,TR0143233-H,Undisclosed,Sepenuh Masa,Besut,Undisclosed,a month ago,N/A,sepenuh-masa-besut
N/A,N/A,N/A,N/A,N/A,N/A,N/A,N/A,N/A,N/A,sepenuh-masa-besut
https://www.maukerja.my/job?jobId=26123215&slug=turtle-conservation-intern,N/A,Turtle Conservation Intern,Bubbles Turtle Conservation,Undisclosed,Sepenuh Masa,Kuala Besut,Undisclosed,21 days ago,N/A,sepenuh-masa-besut
https://www.maukerja.my/job?jobId=26082873&slug=eksekutif-akaun,N/A,Eksekutif Akaun,TR0143233-H,Undisclosed,Sepenuh Masa,Besut,Undisclosed,a month ago,N/A,sepenuh-masa-besut
N/A,N/A,N/A,N/A,N/A,N/A,N/A,N/A,N/A,N/A,sepenuh-masa-besut
https://www.maukerja.my/job?jobId=26123215&slug=turtle-conservation-intern,N/A,Turtle Conservation Intern,Bubbles Turtle Conservation,Undisclosed,Sepenuh Masa,Kuala Besut,Undisclosed,21 days ago,N/A,sepenuh-masa-besut
https://www.maukerja.my/job?jobId=26082873&slug=eksekutif-akaun,N/A,Eksekutif Akaun,TR0143233-H,Undisclosed,Sepenuh Masa,Besut,Undisclosed,a month ago,N/A,sepenuh-masa-besut
N/A,N/A,N/A,N/A,N/A,N/A,N/A,N/A,N/A,N/A,sepenuh-masa-besut
https://www.maukerja.my/job?jobId=26123215&slug=turtle-conservation-intern,N/A,Turtle Conservation Intern,Bubbles Turtle Conservation,Undisclosed,Sepenuh Masa,Kuala Besut,Undisclosed,21 days ago,N/A,sepenuh-masa-besut
https://www.maukerja.my/job?jobId=26082873&slug=eksekutif-akaun,N/A,Eksekutif Akaun,TR0143233-H,Undisclosed,Sepenuh Masa,Besut,Undisclosed,a month ago,N/A,sepenuh-masa-besut
N/A,N/A,N/A,N/A,N/A,N/A,N/A,N/A,N/A,N/A,sepenuh-masa-besut
https://www.maukerja.my/job?jobId=26123215&slug=turtle-conservation-intern,N/A,Turtle Conservation Intern,Bubbles Turtle Conservation,Undisclosed,Sepenuh Masa,Kuala Besut,Undisclosed,21 days ago,N/A,sepenuh-masa-besut
https://www.maukerja.my/job?jobId=26082873&slug=eksekutif-akaun,N/A,Eksekutif Akaun,TR0143233-H,Undisclosed,Sepenuh Masa,Besut,Undisclosed,a month ago,N/A,sepenuh-masa-besut
N/A,N/A,N/A,N/A,N/A,N/A,N/A,N/A,N/A,N/A,sepenuh-masa-besut
https://www.maukerja.my/job?jobId=26123215&slug=turtle-conservation-intern,N/A,Turtle Conservation Intern,Bubbles Turtle Conservation,Undisclosed,Sepenuh Masa,Kuala Besut,Undisclosed,21 days ago,N/A,sepenuh-masa-besut
https://www.maukerja.my/job?jobId=26082873&slug=eksekutif-akaun,N/A,Eksekutif Akaun,TR0143233-H,Undisclosed,Sepenuh Masa,Besut,Undisclosed,a month ago,N/A,sepenuh-masa-besut
N/A,N/A,N/A,N/A,N/A,N/A,N/A,N/A,N/A,N/A,sepenuh-masa-besut
https://www.maukerja.my/job?jobId=26123215&slug=turtle-conservation-intern,N/A,Turtle Conservation Intern,Bubbles Turtle Conservation,Undisclosed,Sepenuh Masa,Kuala Besut,Undisclosed,21 days ago,N/A,sepenuh-masa-besut
https://www.maukerja.my/job?jobId=26082873&slug=eksekutif-akaun,N/A,Eksekutif Akaun,TR0143233-H,Undisclosed,Sepenuh Masa,Besut,Undisclosed,a month ago,N/A,sepenuh-masa-besut
N/A,N/A,N/A,N/A,N/A,N/A,N/A,N/A,N/A,N/A,sepenuh-masa-besut
https://www.maukerja.my/job?jobId=26123215&slug=turtle-conservation-intern,N/A,Turtle Conservation Intern,Bubbles Turtle Conservation,Undisclosed,Sepenuh Masa,Kuala Besut,Undisclosed,21 days ago,N/A,sepenuh-masa-besut
https://www.maukerja.my/job?jobId=26082873&slug=eksekutif-akaun,N/A,Eksekutif Akaun,TR0143233-H,Undisclosed,Sepenuh Masa,Besut,Undisclosed,a month ago,N/A,sepenuh-masa-besut
N/A,N/A,N/A,N/A,N/A,N/A,N/A,N/A,N/A,N/A,sepenuh-masa-besut
https://www.maukerja.my/job?jobId=26123215&slug=turtle-conservation-intern,N/A,Turtle Conservation Intern,Bubbles Turtle Conservation,Undisclosed,Full Time,Kuala Besut,Undisclosed,21 days ago,N/A,sepenuh-masa-besut
https://www.maukerja.my/job?jobId=26082873&slug=eksekutif-akaun,N/A,Eksekutif Akaun,TR0143233-H,Undisclosed,Full Time,Besut,Undisclosed,a month ago,N/A,sepenuh-masa-besut
N/A,N/A,N/A,N/A,N/A,N/A,N/A,N/A,N/A,N/A,sepenuh-masa-besut
https://www.maukerja.my/job?jobId=26123215&slug=turtle-conservation-intern,N/A,Turtle Conservation Intern,Bubbles Turtle Conservation,Undisclosed,Sepenuh Masa,Kuala Besut,Undisclosed,21 days ago,N/A,sepenuh-masa-besut
https://www.maukerja.my/job?jobId=26082873&slug=eksekutif-akaun,N/A,Eksekutif Akaun,TR0143233-H,Undisclosed,Sepenuh Masa,Besut,Undisclosed,a month ago,N/A,sepenuh-masa-besut
N/A,N/A,N/A,N/A,N/A,N/A,N/A,N/A,N/A,N/A,sepenuh-masa-besut
https://www.maukerja.my/job?jobId=26123215&slug=turtle-conservation-intern,N/A,Turtle Conservation Intern,Bubbles Turtle Conservation,Undisclosed,Sepenuh Masa,Kuala Besut,Undisclosed,21 days ago,N/A,sepenuh-masa-besut
https://www.maukerja.my/job?jobId=26082873&slug=eksekutif-akaun,N/A,Eksekutif Akaun,TR0143233-H,Undisclosed,Sepenuh Masa,Besut,Undisclosed,a month ago,N/A,sepenuh-masa-besut
N/A,N/A,N/A,N/A,N/A,N/A,N/A,N/A,N/A,N/A,sepenuh-masa-besut
https://www.maukerja.my/job?jobId=26123215&slug=turtle-conservation-intern,N/A,Turtle Conservation Intern,Bubbles Turtle Conservation,Undisclosed,Sepenuh Masa,Kuala Besut,Undisclosed,21 days ago,N/A,sepenuh-masa-besut
https://www.maukerja.my/job?jobId=26082873&slug=eksekutif-akaun,N/A,Eksekutif Akaun,TR0143233-H,Undisclosed,Sepenuh Masa,Besut,Undisclosed,a month ago,N/A,sepenuh-masa-besut
N/A,N/A,N/A,N/A,N/A,N/A,N/A,N/A,N/A,N/A,sepenuh-masa-besut
https://www.maukerja.my/job?jobId=26123215&slug=turtle-conservation-intern,N/A,Turtle Conservation Intern,Bubbles Turtle Conservation,Undisclosed,Sepenuh Masa,Kuala Besut,Undisclosed,21 days ago,N/A,sepenuh-masa-besut
https://www.maukerja.my/job?jobId=26082873&slug=eksekutif-akaun,N/A,Eksekutif Akaun,TR0143233-H,Undisclosed,Sepenuh Masa,Besut,Undisclosed,a month ago,N/A,sepenuh-masa-besut
N/A,N/A,N/A,N/A,N/A,N/A,N/A,N/A,N/A,N/A,sepenuh-masa-besut
https://www.maukerja.my/job?jobId=26123215&slug=turtle-conservation-intern,N/A,Turtle Conservation Intern,Bubbles Turtle Conservation,Undisclosed,Sepenuh Masa,Kuala Besut,Undisclosed,21 days ago,N/A,sepenuh-masa-besut
https://www.maukerja.my/job?jobId=26082873&slug=eksekutif-akaun,N/A,Eksekutif Akaun,TR0143233-H,Undisclosed,Sepenuh Masa,Besut,Undisclosed,a month ago,N/A,sepenuh-masa-besut
N/A,N/A,N/A,N/A,N/A,N/A,N/A,N/A,N/A,N/A,sepenuh-masa-besut
https://www.maukerja.my/job?jobId=26123215&slug=turtle-conservation-intern,N/A,Turtle Conservation Intern,Bubbles Turtle Conservation,Undisclosed,Sepenuh Masa,Kuala Besut,Undisclosed,21 days ago,N/A,sepenuh-masa-besut
https://www.maukerja.my/job?jobId=26082873&slug=eksekutif-akaun,N/A,Eksekutif Akaun,TR0143233-H,Undisclosed,Sepenuh Masa,Besut,Undisclosed,a month ago,N/A,sepenuh-masa-besut
N/A,N/A,N/A,N/A,N/A,N/A,N/A,N/A,N/A,N/A,sepenuh-masa-besut
https://www.maukerja.my/job?jobId=26123215&slug=turtle-conservation-intern,N/A,Turtle Conservation Intern,Bubbles Turtle Conservation,Undisclosed,Sepenuh Masa,Kuala Besut,Undisclosed,21 days ago,N/A,sepenuh-masa-besut
https://www.maukerja.my/job?jobId=26082873&slug=eksekutif-akaun,N/A,Eksekutif Akaun,TR0143233-H,Undisclosed,Sepenuh Masa,Besut,Undisclosed,a month ago,N/A,sepenuh-masa-besut
N/A,N/A,N/A,N/A,N/A,N/A,N/A,N/A,N/A,N/A,sepenuh-masa-besut
https://www.maukerja.my/job?jobId=26123215&slug=turtle-conservation-intern,N/A,Turtle Conservation Intern,Bubbles Turtle Conservation,Undisclosed,Sepenuh Masa,Kuala Besut,Undisclosed,21 days ago,N/A,sepenuh-masa-besut
https://www.maukerja.my/job?jobId=26082873&slug=eksekutif-akaun,N/A,Eksekutif Akaun,TR0143233-H,Undisclosed,Sepenuh Masa,Besut,Undisclosed,a month ago,N/A,sepenuh-masa-besut
N/A,N/A,N/A,N/A,N/A,N/A,N/A,N/A,N/A,N/A,sepenuh-masa-besut
https://www.maukerja.my/job?jobId=26123215&slug=turtle-conservation-intern,N/A,Turtle Conservation Intern,Bubbles Turtle Conservation,Undisclosed,Sepenuh Masa,Kuala Besut,Undisclosed,21 days ago,N/A,sepenuh-masa-besut
https://www.maukerja.my/job?jobId=26082873&slug=eksekutif-akaun,N/A,Eksekutif Akaun,TR0143233-H,Undisclosed,Sepenuh Masa,Besut,Undisclosed,a month ago,N/A,sepenuh-masa-besut
N/A,N/A,N/A,N/A,N/A,N/A,N/A,N/A,N/A,N/A,sepenuh-masa-besut
https://www.maukerja.my/job?jobId=26123215&slug=turtle-conservation-intern,N/A,Turtle Conservation Intern,Bubbles Turtle Conservation,Undisclosed,Sepenuh Masa,Kuala Besut,Undisclosed,21 days ago,N/A,sepenuh-masa-besut
https://www.maukerja.my/job?jobId=26082873&slug=eksekutif-akaun,N/A,Eksekutif Akaun,TR0143233-H,Undisclosed,Sepenuh Masa,Besut,Undisclosed,a month ago,N/A,sepenuh-masa-besut
N/A,N/A,N/A,N/A,N/A,N/A,N/A,N/A,N/A,N/A,sepenuh-masa-besut
https://www.maukerja.my/job?jobId=26123215&slug=turtle-conservation-intern,N/A,Turtle Conservation Intern,Bubbles Turtle Conservation,Undisclosed,Sepenuh Masa,Kuala Besut,Undisclosed,21 days ago,N/A,sepenuh-masa-besut
https://www.maukerja.my/job?jobId=26082873&slug=eksekutif-akaun,N/A,Eksekutif Akaun,TR0143233-H,Undisclosed,Sepenuh Masa,Besut,Undisclosed,a month ago,N/A,sepenuh-masa-besut
N/A,N/A,N/A,N/A,N/A,N/A,N/A,N/A,N/A,N/A,sepenuh-masa-besut
https://www.maukerja.my/job?jobId=26123215&slug=turtle-conservation-intern,N/A,Turtle Conservation Intern,Bubbles Turtle Conservation,Undisclosed,Sepenuh Masa,Kuala Besut,Undisclosed,21 days ago,N/A,sepenuh-masa-besut
https://www.maukerja.my/job?jobId=26082873&slug=eksekutif-akaun,N/A,Eksekutif Akaun,TR0143233-H,Undisclosed,Sepenuh Masa,Besut,Undisclosed,a month ago,N/A,sepenuh-masa-besut
N/A,N/A,N/A,N/A,N/A,N/A,N/A,N/A,N/A,N/A,sepenuh-masa-besut
https://www.maukerja.my/job?jobId=26123215&slug=turtle-conservation-intern,N/A,Turtle Conservation Intern,Bubbles Turtle Conservation,Undisclosed,Sepenuh Masa,Kuala Besut,Undisclosed,21 days ago,N/A,sepenuh-masa-besut
https://www.maukerja.my/job?jobId=26082873&slug=eksekutif-akaun,N/A,Eksekutif Akaun,TR0143233-H,Undisclosed,Sepenuh Masa,Besut,Undisclosed,a month ago,N/A,sepenuh-masa-besut
N/A,N/A,N/A,N/A,N/A,N/A,N/A,N/A,N/A,N/A,sepenuh-masa-besut
https://www.maukerja.my/job?jobId=26123215&slug=turtle-conservation-intern,N/A,Turtle Conservation Intern,Bubbles Turtle Conservation,Undisclosed,Sepenuh Masa,Kuala Besut,Undisclosed,21 days ago,N/A,sepenuh-masa-besut
https://www.maukerja.my/job?jobId=26082873&slug=eksekutif-akaun,N/A,Eksekutif Akaun,TR0143233-H,Undisclosed,Sepenuh Masa,Besut,Undisclosed,a month ago,N/A,sepenuh-masa-besut
N/A,N/A,N/A,N/A,N/A,N/A,N/A,N/A,N/A,N/A,sepenuh-masa-besut
https://www.maukerja.my/job?jobId=26123215&slug=turtle-conservation-intern,N/A,Turtle Conservation Intern,Bubbles Turtle Conservation,Undisclosed,Sepenuh Masa,Kuala Besut,Undisclosed,21 days ago,N/A,sepenuh-masa-besut
https://www.maukerja.my/job?jobId=26082873&slug=eksekutif-akaun,N/A,Eksekutif Akaun,TR0143233-H,Undisclosed,Sepenuh Masa,Besut,Undisclosed,a month ago,N/A,sepenuh-masa-besut
N/A,N/A,N/A,N/A,N/A,N/A,N/A,N/A,N/A,N/A,sepenuh-masa-besut
https://www.maukerja.my/job?jobId=26123215&slug=turtle-conservation-intern,N/A,Turtle Conservation Intern,Bubbles Turtle Conservation,Undisclosed,Sepenuh Masa,Kuala Besut,Undisclosed,21 days ago,N/A,sepenuh-masa-besut
https://www.maukerja.my/job?jobId=26082873&slug=eksekutif-akaun,N/A,Eksekutif Akaun,TR0143233-H,Undisclosed,Sepenuh Masa,Besut,Undisclosed,a month ago,N/A,sepenuh-masa-besut
N/A,N/A,N/A,N/A,N/A,N/A,N/A,N/A,N/A,N/A,sepenuh-masa-besut
https://www.maukerja.my/job?jobId=26123215&slug=turtle-conservation-intern,N/A,Turtle Conservation Intern,Bubbles Turtle Conservation,Undisclosed,Sepenuh Masa,Kuala Besut,Undisclosed,21 days ago,N/A,sepenuh-masa-besut
https://www.maukerja.my/job?jobId=26082873&slug=eksekutif-akaun,N/A,Eksekutif Akaun,TR0143233-H,Undisclosed,Sepenuh Masa,Besut,Undisclosed,a month ago,N/A,sepenuh-masa-besut
N/A,N/A,N/A,N/A,N/A,N/A,N/A,N/A,N/A,N/A,sepenuh-masa-besut
https://www.maukerja.my/job?jobId=26123215&slug=turtle-conservation-intern,N/A,Turtle Conservation Intern,Bubbles Turtle Conservation,Undisclosed,Sepenuh Masa,Kuala Besut,Undisclosed,21 days ago,N/A,sepenuh-masa-besut
https://www.maukerja.my/job?jobId=26082873&slug=eksekutif-akaun,N/A,Eksekutif Akaun,TR0143233-H,Undisclosed,Sepenuh Masa,Besut,Undisclosed,a month ago,N/A,sepenuh-masa-besut
N/A,N/A,N/A,N/A,N/A,N/A,N/A,N/A,N/A,N/A,sepenuh-masa-besut
https://www.maukerja.my/job?jobId=26123215&slug=turtle-conservation-intern,N/A,Turtle Conservation Intern,Bubbles Turtle Conservation,Undisclosed,Sepenuh Masa,Kuala Besut,Undisclosed,21 days ago,N/A,sepenuh-masa-besut
https://www.maukerja.my/job?jobId=26082873&slug=eksekutif-akaun,N/A,Eksekutif Akaun,TR0143233-H,Undisclosed,Sepenuh Masa,Besut,Undisclosed,a month ago,N/A,sepenuh-masa-besut
N/A,N/A,N/A,N/A,N/A,N/A,N/A,N/A,N/A,N/A,sepenuh-masa-besut
https://www.maukerja.my/job?jobId=26123215&slug=turtle-conservation-intern,N/A,Turtle Conservation Intern,Bubbles Turtle Conservation,Undisclosed,Sepenuh Masa,Kuala Besut,Undisclosed,21 days ago,N/A,sepenuh-masa-besut
https://www.maukerja.my/job?jobId=26082873&slug=eksekutif-akaun,N/A,Eksekutif Akaun,TR0143233-H,Undisclosed,Sepenuh Masa,Besut,Undisclosed,a month ago,N/A,sepenuh-masa-besut
N/A,N/A,N/A,N/A,N/A,N/A,N/A,N/A,N/A,N/A,sepenuh-masa-besut
https://www.maukerja.my/job?jobId=26123215&slug=turtle-conservation-intern,N/A,Turtle Conservation Intern,Bubbles Turtle Conservation,Undisclosed,Sepenuh Masa,Kuala Besut,Undisclosed,21 days ago,N/A,sepenuh-masa-besut
https://www.maukerja.my/job?jobId=26082873&slug=eksekutif-akaun,N/A,Eksekutif Akaun,TR0143233-H,Undisclosed,Sepenuh Masa,Besut,Undisclosed,a month ago,N/A,sepenuh-masa-besut
N/A,N/A,N/A,N/A,N/A,N/A,N/A,N/A,N/A,N/A,sepenuh-masa-besut
https://www.maukerja.my/job?jobId=26123215&slug=turtle-conservation-intern,N/A,Turtle Conservation Intern,Bubbles Turtle Conservation,Undisclosed,Sepenuh Masa,Kuala Besut,Undisclosed,21 days ago,N/A,sepenuh-masa-besut
https://www.maukerja.my/job?jobId=26082873&slug=eksekutif-akaun,N/A,Eksekutif Akaun,TR0143233-H,Undisclosed,Sepenuh Masa,Besut,Undisclosed,a month ago,N/A,sepenuh-masa-besut
N/A,N/A,N/A,N/A,N/A,N/A,N/A,N/A,N/A,N/A,sepenuh-masa-besut
https://www.maukerja.my/job?jobId=26123215&slug=turtle-conservation-intern,N/A,Turtle Conservation Intern,Bubbles Turtle Conservation,Undisclosed,Sepenuh Masa,Kuala Besut,Undisclosed,21 days ago,N/A,sepenuh-masa-besut
https://www.maukerja.my/job?jobId=26082873&slug=eksekutif-akaun,N/A,Eksekutif Akaun,TR0143233-H,Undisclosed,Sepenuh Masa,Besut,Undisclosed,a month ago,N/A,sepenuh-masa-besut
N/A,N/A,N/A,N/A,N/A,N/A,N/A,N/A,N/A,N/A,sepenuh-masa-besut
https://www.maukerja.my/job?jobId=26123215&slug=turtle-conservation-intern,N/A,Turtle Conservation Intern,Bubbles Turtle Conservation,Undisclosed,Sepenuh Masa,Kuala Besut,Undisclosed,21 days ago,N/A,sepenuh-masa-besut
https://www.maukerja.my/job?jobId=26082873&slug=eksekutif-akaun,N/A,Eksekutif Akaun,TR0143233-H,Undisclosed,Sepenuh Masa,Besut,Undisclosed,a month ago,N/A,sepenuh-masa-besut
N/A,N/A,N/A,N/A,N/A,N/A,N/A,N/A,N/A,N/A,sepenuh-masa-besut
https://www.maukerja.my/job?jobId=26123215&slug=turtle-conservation-intern,N/A,Turtle Conservation Intern,Bubbles Turtle Conservation,Undisclosed,Sepenuh Masa,Kuala Besut,Undisclosed,21 days ago,N/A,sepenuh-masa-besut
https://www.maukerja.my/job?jobId=26082873&slug=eksekutif-akaun,N/A,Eksekutif Akaun,TR0143233-H,Undisclosed,Sepenuh Masa,Besut,Undisclosed,a month ago,N/A,sepenuh-masa-besut
N/A,N/A,N/A,N/A,N/A,N/A,N/A,N/A,N/A,N/A,sepenuh-masa-besut
https://www.maukerja.my/job?jobId=26123215&slug=turtle-conservation-intern,N/A,Turtle Conservation Intern,Bubbles Turtle Conservation,Undisclosed,Sepenuh Masa,Kuala Besut,Undisclosed,21 days ago,N/A,sepenuh-masa-besut
https://www.maukerja.my/job?jobId=26082873&slug=eksekutif-akaun,N/A,Eksekutif Akaun,TR0143233-H,Undisclosed,Sepenuh Masa,Besut,Undisclosed,a month ago,N/A,sepenuh-masa-besut
N/A,N/A,N/A,N/A,N/A,N/A,N/A,N/A,N/A,N/A,sepenuh-masa-besut
https://www.maukerja.my/job?jobId=26123215&slug=turtle-conservation-intern,N/A,Turtle Conservation Intern,Bubbles Turtle Conservation,Undisclosed,Sepenuh Masa,Kuala Besut,Undisclosed,21 days ago,N/A,sepenuh-masa-besut
https://www.maukerja.my/job?jobId=26082873&slug=eksekutif-akaun,N/A,Eksekutif Akaun,TR0143233-H,Undisclosed,Sepenuh Masa,Besut,Undisclosed,a month ago,N/A,sepenuh-masa-besut
N/A,N/A,N/A,N/A,N/A,N/A,N/A,N/A,N/A,N/A,sepenuh-masa-besut
https://www.maukerja.my/job?jobId=26123215&slug=turtle-conservation-intern,N/A,Turtle Conservation Intern,Bubbles Turtle Conservation,Undisclosed,Sepenuh Masa,Kuala Besut,Undisclosed,21 days ago,N/A,sepenuh-masa-besut
https://www.maukerja.my/job?jobId=26082873&slug=eksekutif-akaun,N/A,Eksekutif Akaun,TR0143233-H,Undisclosed,Sepenuh Masa,Besut,Undisclosed,a month ago,N/A,sepenuh-masa-besut
N/A,N/A,N/A,N/A,N/A,N/A,N/A,N/A,N/A,N/A,sepenuh-masa-besut
https://www.maukerja.my/job?jobId=26123215&slug=turtle-conservation-intern,N/A,Turtle Conservation Intern,Bubbles Turtle Conservation,Undisclosed,Sepenuh Masa,Kuala Besut,Undisclosed,21 days ago,N/A,sepenuh-masa-besut
https://www.maukerja.my/job?jobId=26082873&slug=eksekutif-akaun,N/A,Eksekutif Akaun,TR0143233-H,Undisclosed,Sepenuh Masa,Besut,Undisclosed,a month ago,N/A,sepenuh-masa-besut
N/A,N/A,N/A,N/A,N/A,N/A,N/A,N/A,N/A,N/A,sepenuh-masa-besut
https://www.maukerja.my/job?jobId=26123215&slug=turtle-conservation-intern,N/A,Turtle Conservation Intern,Bubbles Turtle Conservation,Undisclosed,Sepenuh Masa,Kuala Besut,Undisclosed,21 days ago,N/A,sepenuh-masa-besut
https://www.maukerja.my/job?jobId=26082873&slug=eksekutif-akaun,N/A,Eksekutif Akaun,TR0143233-H,Undisclosed,Sepenuh Masa,Besut,Undisclosed,a month ago,N/A,sepenuh-masa-besut
N/A,N/A,N/A,N/A,N/A,N/A,N/A,N/A,N/A,N/A,sepenuh-masa-besut
https://www.maukerja.my/job?jobId=26123215&slug=turtle-conservation-intern,N/A,Turtle Conservation Intern,Bubbles Turtle Conservation,Undisclosed,Sepenuh Masa,Kuala Besut,Undisclosed,21 days ago,N/A,sepenuh-masa-besut
https://www.maukerja.my/job?jobId=26082873&slug=eksekutif-akaun,N/A,Eksekutif Akaun,TR0143233-H,Undisclosed,Sepenuh Masa,Besut,Undisclosed,a month ago,N/A,sepenuh-masa-besut
N/A,N/A,N/A,N/A,N/A,N/A,N/A,N/A,N/A,N/A,sepenuh-masa-besut
https://www.maukerja.my/job?jobId=26123215&slug=turtle-conservation-intern,N/A,Turtle Conservation Intern,Bubbles Turtle Conservation,Undisclosed,Sepenuh Masa,Kuala Besut,Undisclosed,21 days ago,N/A,sepenuh-masa-besut
https://www.maukerja.my/job?jobId=26082873&slug=eksekutif-akaun,N/A,Eksekutif Akaun,TR0143233-H,Undisclosed,Sepenuh Masa,Besut,Undisclosed,a month ago,N/A,sepenuh-masa-besut
N/A,N/A,N/A,N/A,N/A,N/A,N/A,N/A,N/A,N/A,sepenuh-masa-besut
https://www.maukerja.my/job?jobId=26123215&slug=turtle-conservation-intern,N/A,Turtle Conservation Intern,Bubbles Turtle Conservation,Undisclosed,Sepenuh Masa,Kuala Besut,Undisclosed,21 days ago,N/A,sepenuh-masa-besut
https://www.maukerja.my/job?jobId=26082873&slug=eksekutif-akaun,N/A,Eksekutif Akaun,TR0143233-H,Undisclosed,Sepenuh Masa,Besut,Undisclosed,a month ago,N/A,sepenuh-masa-besut
N/A,N/A,N/A,N/A,N/A,N/A,N/A,N/A,N/A,N/A,sepenuh-masa-besut
https://www.maukerja.my/job?jobId=26123215&slug=turtle-conservation-intern,N/A,Turtle Conservation Intern,Bubbles Turtle Conservation,Undisclosed,Sepenuh Masa,Kuala Besut,Undisclosed,21 days ago,N/A,sepenuh-masa-besut
https://www.maukerja.my/job?jobId=26082873&slug=eksekutif-akaun,N/A,Eksekutif Akaun,TR0143233-H,Undisclosed,Sepenuh Masa,Besut,Undisclosed,a month ago,N/A,sepenuh-masa-besut
N/A,N/A,N/A,N/A,N/A,N/A,N/A,N/A,N/A,N/A,sepenuh-masa-besut
https://www.maukerja.my/job?jobId=26123215&slug=turtle-conservation-intern,N/A,Turtle Conservation Intern,Bubbles Turtle Conservation,Undisclosed,Sepenuh Masa,Kuala Besut,Undisclosed,21 days ago,N/A,sepenuh-masa-besut
https://www.maukerja.my/job?jobId=26082873&slug=eksekutif-akaun,N/A,Eksekutif Akaun,TR0143233-H,Undisclosed,Sepenuh Masa,Besut,Undisclosed,a month ago,N/A,sepenuh-masa-besut
N/A,N/A,N/A,N/A,N/A,N/A,N/A,N/A,N/A,N/A,sepenuh-masa-besut
https://www.maukerja.my/job?jobId=26123215&slug=turtle-conservation-intern,N/A,Turtle Conservation Intern,Bubbles Turtle Conservation,Undisclosed,Sepenuh Masa,Kuala Besut,Undisclosed,21 days ago,N/A,sepenuh-masa-besut
https://www.maukerja.my/job?jobId=26082873&slug=eksekutif-akaun,N/A,Eksekutif Akaun,TR0143233-H,Undisclosed,Sepenuh Masa,Besut,Undisclosed,a month ago,N/A,sepenuh-masa-besut
N/A,N/A,N/A,N/A,N/A,N/A,N/A,N/A,N/A,N/A,sepenuh-masa-besut
https://www.maukerja.my/job?jobId=26123215&slug=turtle-conservation-intern,N/A,Turtle Conservation Intern,Bubbles Turtle Conservation,Undisclosed,Sepenuh Masa,Kuala Besut,Undisclosed,21 days ago,N/A,sepenuh-masa-besut
https://www.maukerja.my/job?jobId=26082873&slug=eksekutif-akaun,N/A,Eksekutif Akaun,TR0143233-H,Undisclosed,Sepenuh Masa,Besut,Undisclosed,a month ago,N/A,sepenuh-masa-besut
N/A,N/A,N/A,N/A,N/A,N/A,N/A,N/A,N/A,N/A,sepenuh-masa-besut
https://www.maukerja.my/job?jobId=26123215&slug=turtle-conservation-intern,N/A,Turtle Conservation Intern,Bubbles Turtle Conservation,Undisclosed,Sepenuh Masa,Kuala Besut,Undisclosed,21 days ago,N/A,sepenuh-masa-besut
https://www.maukerja.my/job?jobId=26082873&slug=eksekutif-akaun,N/A,Eksekutif Akaun,TR0143233-H,Undisclosed,Sepenuh Masa,Besut,Undisclosed,a month ago,N/A,sepenuh-masa-besut
N/A,N/A,N/A,N/A,N/A,N/A,N/A,N/A,N/A,N/A,sepenuh-masa-besut
https://www.maukerja.my/job?jobId=26123215&slug=turtle-conservation-intern,N/A,Turtle Conservation Intern,Bubbles Turtle Conservation,Undisclosed,Sepenuh Masa,Kuala Besut,Undisclosed,21 days ago,N/A,sepenuh-masa-besut
https://www.maukerja.my/job?jobId=26082873&slug=eksekutif-akaun,N/A,Eksekutif Akaun,TR0143233-H,Undisclosed,Sepenuh Masa,Besut,Undisclosed,a month ago,N/A,sepenuh-masa-besut
N/A,N/A,N/A,N/A,N/A,N/A,N/A,N/A,N/A,N/A,sepenuh-masa-besut
https://www.maukerja.my/job?jobId=26123215&slug=turtle-conservation-intern,N/A,Turtle Conservation Intern,Bubbles Turtle Conservation,Undisclosed,Sepenuh Masa,Kuala Besut,Undisclosed,21 days ago,N/A,sepenuh-masa-besut
https://www.maukerja.my/job?jobId=26082873&slug=eksekutif-akaun,N/A,Eksekutif Akaun,TR0143233-H,Undisclosed,Sepenuh Masa,Besut,Undisclosed,a month ago,N/A,sepenuh-masa-besut
N/A,N/A,N/A,N/A,N/A,N/A,N/A,N/A,N/A,N/A,sepenuh-masa-besut
https://www.maukerja.my/job?jobId=26123215&slug=turtle-conservation-intern,N/A,Turtle Conservation Intern,Bubbles Turtle Conservation,Undisclosed,Full Time,Kuala Besut,Undisclosed,21 days ago,N/A,sepenuh-masa-besut
https://www.maukerja.my/job?jobId=26082873&slug=eksekutif-akaun,N/A,Eksekutif Akaun,TR0143233-H,Undisclosed,Full Time,Besut,Undisclosed,a month ago,N/A,sepenuh-masa-besut
N/A,N/A,N/A,N/A,N/A,N/A,N/A,N/A,N/A,N/A,sepenuh-masa-besut
https://www.maukerja.my/job?jobId=26123215&slug=turtle-conservation-intern,N/A,Turtle Conservation Intern,Bubbles Turtle Conservation,Undisclosed,Sepenuh Masa,Kuala Besut,Undisclosed,21 days ago,N/A,sepenuh-masa-besut
https://www.maukerja.my/job?jobId=26082873&slug=eksekutif-akaun,N/A,Eksekutif Akaun,TR0143233-H,Undisclosed,Sepenuh Masa,Besut,Undisclosed,a month ago,N/A,sepenuh-masa-besut
N/A,N/A,N/A,N/A,N/A,N/A,N/A,N/A,N/A,N/A,sepenuh-masa-besut
https://www.maukerja.my/job?jobId=26123215&slug=turtle-conservation-intern,N/A,Turtle Conservation Intern,Bubbles Turtle Conservation,Undisclosed,Sepenuh Masa,Kuala Besut,Undisclosed,21 days ago,N/A,sepenuh-masa-besut
https://www.maukerja.my/job?jobId=26082873&slug=eksekutif-akaun,N/A,Eksekutif Akaun,TR0143233-H,Undisclosed,Sepenuh Masa,Besut,Undisclosed,a month ago,N/A,sepenuh-masa-besut
N/A,N/A,N/A,N/A,N/A,N/A,N/A,N/A,N/A,N/A,sepenuh-masa-besut
https://www.maukerja.my/job?jobId=26123215&slug=turtle-conservation-intern,N/A,Turtle Conservation Intern,Bubbles Turtle Conservation,Undisclosed,Sepenuh Masa,Kuala Besut,Undisclosed,21 days ago,N/A,sepenuh-masa-besut
https://www.maukerja.my/job?jobId=26082873&slug=eksekutif-akaun,N/A,Eksekutif Akaun,TR0143233-H,Undisclosed,Sepenuh Masa,Besut,Undisclosed,a month ago,N/A,sepenuh-masa-besut
N/A,N/A,N/A,N/A,N/A,N/A,N/A,N/A,N/A,N/A,sepenuh-masa-besut
https://www.maukerja.my/job?jobId=26123215&slug=turtle-conservation-intern,N/A,Turtle Conservation Intern,Bubbles Turtle Conservation,Undisclosed,Sepenuh Masa,Kuala Besut,Undisclosed,21 days ago,N/A,sepenuh-masa-besut
https://www.maukerja.my/job?jobId=26082873&slug=eksekutif-akaun,N/A,Eksekutif Akaun,TR0143233-H,Undisclosed,Sepenuh Masa,Besut,Undisclosed,a month ago,N/A,sepenuh-masa-besut
N/A,N/A,N/A,N/A,N/A,N/A,N/A,N/A,N/A,N/A,sepenuh-masa-besut
https://www.maukerja.my/job?jobId=26123215&slug=turtle-conservation-intern,N/A,Turtle Conservation Intern,Bubbles Turtle Conservation,Undisclosed,Sepenuh Masa,Kuala Besut,Undisclosed,21 days ago,N/A,sepenuh-masa-besut
https://www.maukerja.my/job?jobId=26082873&slug=eksekutif-akaun,N/A,Eksekutif Akaun,TR0143233-H,Undisclosed,Sepenuh Masa,Besut,Undisclosed,a month ago,N/A,sepenuh-masa-besut
N/A,N/A,N/A,N/A,N/A,N/A,N/A,N/A,N/A,N/A,sepenuh-masa-besut
https://www.maukerja.my/job?jobId=26123215&slug=turtle-conservation-intern,N/A,Turtle Conservation Intern,Bubbles Turtle Conservation,Undisclosed,Sepenuh Masa,Kuala Besut,Undisclosed,21 days ago,N/A,sepenuh-masa-besut
https://www.maukerja.my/job?jobId=26082873&slug=eksekutif-akaun,N/A,Eksekutif Akaun,TR0143233-H,Undisclosed,Sepenuh Masa,Besut,Undisclosed,a month ago,N/A,sepenuh-masa-besut
N/A,N/A,N/A,N/A,N/A,N/A,N/A,N/A,N/A,N/A,sepenuh-masa-besut
https://www.maukerja.my/job?jobId=26123215&slug=turtle-conservation-intern,N/A,Turtle Conservation Intern,Bubbles Turtle Conservation,Undisclosed,Sepenuh Masa,Kuala Besut,Undisclosed,21 days ago,N/A,sepenuh-masa-besut
https://www.maukerja.my/job?jobId=26082873&slug=eksekutif-akaun,N/A,Eksekutif Akaun,TR0143233-H,Undisclosed,Sepenuh Masa,Besut,Undisclosed,a month ago,N/A,sepenuh-masa-besut
N/A,N/A,N/A,N/A,N/A,N/A,N/A,N/A,N/A,N/A,sepenuh-masa-besut
https://www.maukerja.my/job?jobId=26123215&slug=turtle-conservation-intern,N/A,Turtle Conservation Intern,Bubbles Turtle Conservation,Undisclosed,Sepenuh Masa,Kuala Besut,Undisclosed,21 days ago,N/A,sepenuh-masa-besut
https://www.maukerja.my/job?jobId=26082873&slug=eksekutif-akaun,N/A,Eksekutif Akaun,TR0143233-H,Undisclosed,Sepenuh Masa,Besut,Undisclosed,a month ago,N/A,sepenuh-masa-besut
N/A,N/A,N/A,N/A,N/A,N/A,N/A,N/A,N/A,N/A,sepenuh-masa-besut
https://www.maukerja.my/job?jobId=26123215&slug=turtle-conservation-intern,N/A,Turtle Conservation Intern,Bubbles Turtle Conservation,Undisclosed,Sepenuh Masa,Kuala Besut,Undisclosed,21 days ago,N/A,sepenuh-masa-besut
https://www.maukerja.my/job?jobId=26082873&slug=eksekutif-akaun,N/A,Eksekutif Akaun,TR0143233-H,Undisclosed,Sepenuh Masa,Besut,Undisclosed,a month ago,N/A,sepenuh-masa-besut
N/A,N/A,N/A,N/A,N/A,N/A,N/A,N/A,N/A,N/A,sepenuh-masa-besut
https://www.maukerja.my/job?jobId=26123215&slug=turtle-conservation-intern,N/A,Turtle Conservation Intern,Bubbles Turtle Conservation,Undisclosed,Sepenuh Masa,Kuala Besut,Undisclosed,21 days ago,N/A,sepenuh-masa-besut
https://www.maukerja.my/job?jobId=26082873&slug=eksekutif-akaun,N/A,Eksekutif Akaun,TR0143233-H,Undisclosed,Sepenuh Masa,Besut,Undisclosed,a month ago,N/A,sepenuh-masa-besut
N/A,N/A,N/A,N/A,N/A,N/A,N/A,N/A,N/A,N/A,sepenuh-masa-besut
https://www.maukerja.my/job?jobId=26123215&slug=turtle-conservation-intern,N/A,Turtle Conservation Intern,Bubbles Turtle Conservation,Undisclosed,Sepenuh Masa,Kuala Besut,Undisclosed,21 days ago,N/A,sepenuh-masa-besut
https://www.maukerja.my/job?jobId=26082873&slug=eksekutif-akaun,N/A,Eksekutif Akaun,TR0143233-H,Undisclosed,Sepenuh Masa,Besut,Undisclosed,a month ago,N/A,sepenuh-masa-besut
N/A,N/A,N/A,N/A,N/A,N/A,N/A,N/A,N/A,N/A,sepenuh-masa-besut
https://www.maukerja.my/job?jobId=26123215&slug=turtle-conservation-intern,N/A,Turtle Conservation Intern,Bubbles Turtle Conservation,Undisclosed,Sepenuh Masa,Kuala Besut,Undisclosed,21 days ago,N/A,sepenuh-masa-besut
https://www.maukerja.my/job?jobId=26082873&slug=eksekutif-akaun,N/A,Eksekutif Akaun,TR0143233-H,Undisclosed,Sepenuh Masa,Besut,Undisclosed,a month ago,N/A,sepenuh-masa-besut
N/A,N/A,N/A,N/A,N/A,N/A,N/A,N/A,N/A,N/A,sepenuh-masa-besut
https://www.maukerja.my/job?jobId=26123215&slug=turtle-conservation-intern,N/A,Turtle Conservation Intern,Bubbles Turtle Conservation,Undisclosed,Sepenuh Masa,Kuala Besut,Undisclosed,21 days ago,N/A,sepenuh-masa-besut
https://www.maukerja.my/job?jobId=26082873&slug=eksekutif-akaun,N/A,Eksekutif Akaun,TR0143233-H,Undisclosed,Sepenuh Masa,Besut,Undisclosed,a month ago,N/A,sepenuh-masa-besut
N/A,N/A,N/A,N/A,N/A,N/A,N/A,N/A,N/A,N/A,sepenuh-masa-besut
https://www.maukerja.my/job?jobId=26123215&slug=turtle-conservation-intern,N/A,Turtle Conservation Intern,Bubbles Turtle Conservation,Undisclosed,Sepenuh Masa,Kuala Besut,Undisclosed,21 days ago,N/A,sepenuh-masa-besut
https://www.maukerja.my/job?jobId=26082873&slug=eksekutif-akaun,N/A,Eksekutif Akaun,TR0143233-H,Undisclosed,Sepenuh Masa,Besut,Undisclosed,a month ago,N/A,sepenuh-masa-besut
N/A,N/A,N/A,N/A,N/A,N/A,N/A,N/A,N/A,N/A,sepenuh-masa-besut
https://www.maukerja.my/job?jobId=26123215&slug=turtle-conservation-intern,N/A,Turtle Conservation Intern,Bubbles Turtle Conservation,Undisclosed,Sepenuh Masa,Kuala Besut,Undisclosed,21 days ago,N/A,sepenuh-masa-besut
https://www.maukerja.my/job?jobId=26082873&slug=eksekutif-akaun,N/A,Eksekutif Akaun,TR0143233-H,Undisclosed,Sepenuh Masa,Besut,Undisclosed,a month ago,N/A,sepenuh-masa-besut
N/A,N/A,N/A,N/A,N/A,N/A,N/A,N/A,N/A,N/A,sepenuh-masa-besut
https://www.maukerja.my/job?jobId=26123215&slug=turtle-conservation-intern,N/A,Turtle Conservation Intern,Bubbles Turtle Conservation,Undisclosed,Sepenuh Masa,Kuala Besut,Undisclosed,21 days ago,N/A,sepenuh-masa-besut
https://www.maukerja.my/job?jobId=26082873&slug=eksekutif-akaun,N/A,Eksekutif Akaun,TR0143233-H,Undisclosed,Sepenuh Masa,Besut,Undisclosed,a month ago,N/A,sepenuh-masa-besut
N/A,N/A,N/A,N/A,N/A,N/A,N/A,N/A,N/A,N/A,sepenuh-masa-besut
https://www.maukerja.my/job?jobId=26123215&slug=turtle-conservation-intern,N/A,Turtle Conservation Intern,Bubbles Turtle Conservation,Undisclosed,Sepenuh Masa,Kuala Besut,Undisclosed,21 days ago,N/A,sepenuh-masa-besut
https://www.maukerja.my/job?jobId=26082873&slug=eksekutif-akaun,N/A,Eksekutif Akaun,TR0143233-H,Undisclosed,Sepenuh Masa,Besut,Undisclosed,a month ago,N/A,sepenuh-masa-besut
N/A,N/A,N/A,N/A,N/A,N/A,N/A,N/A,N/A,N/A,sepenuh-masa-besut
https://www.maukerja.my/job?jobId=26123215&slug=turtle-conservation-intern,N/A,Turtle Conservation Intern,Bubbles Turtle Conservation,Undisclosed,Sepenuh Masa,Kuala Besut,Undisclosed,21 days ago,N/A,sepenuh-masa-besut
https://www.maukerja.my/job?jobId=26082873&slug=eksekutif-akaun,N/A,Eksekutif Akaun,TR0143233-H,Undisclosed,Sepenuh Masa,Besut,Undisclosed,a month ago,N/A,sepenuh-masa-besut
N/A,N/A,N/A,N/A,N/A,N/A,N/A,N/A,N/A,N/A,sepenuh-masa-besut
https://www.maukerja.my/job?jobId=26123215&slug=turtle-conservation-intern,N/A,Turtle Conservation Intern,Bubbles Turtle Conservation,Undisclosed,Sepenuh Masa,Kuala Besut,Undisclosed,21 days ago,N/A,sepenuh-masa-besut
https://www.maukerja.my/job?jobId=26082873&slug=eksekutif-akaun,N/A,Eksekutif Akaun,TR0143233-H,Undisclosed,Sepenuh Masa,Besut,Undisclosed,a month ago,N/A,sepenuh-masa-besut
N/A,N/A,N/A,N/A,N/A,N/A,N/A,N/A,N/A,N/A,sepenuh-masa-besut
https://www.maukerja.my/job?jobId=26123215&slug=turtle-conservation-intern,N/A,Turtle Conservation Intern,Bubbles Turtle Conservation,Undisclosed,Sepenuh Masa,Kuala Besut,Undisclosed,21 days ago,N/A,sepenuh-masa-besut
https://www.maukerja.my/job?jobId=26082873&slug=eksekutif-akaun,N/A,Eksekutif Akaun,TR0143233-H,Undisclosed,Sepenuh Masa,Besut,Undisclosed,a month ago,N/A,sepenuh-masa-besut
N/A,N/A,N/A,N/A,N/A,N/A,N/A,N/A,N/A,N/A,sepenuh-masa-besut
https://www.maukerja.my/job?jobId=26123215&slug=turtle-conservation-intern,N/A,Turtle Conservation Intern,Bubbles Turtle Conservation,Undisclosed,Sepenuh Masa,Kuala Besut,Undisclosed,21 days ago,N/A,sepenuh-masa-besut
https://www.maukerja.my/job?jobId=26082873&slug=eksekutif-akaun,N/A,Eksekutif Akaun,TR0143233-H,Undisclosed,Sepenuh Masa,Besut,Undisclosed,a month ago,N/A,sepenuh-masa-besut
N/A,N/A,N/A,N/A,N/A,N/A,N/A,N/A,N/A,N/A,sepenuh-masa-besut
https://www.maukerja.my/job?jobId=26123215&slug=turtle-conservation-intern,N/A,Turtle Conservation Intern,Bubbles Turtle Conservation,Undisclosed,Sepenuh Masa,Kuala Besut,Undisclosed,21 days ago,N/A,sepenuh-masa-besut
https://www.maukerja.my/job?jobId=26082873&slug=eksekutif-akaun,N/A,Eksekutif Akaun,TR0143233-H,Undisclosed,Sepenuh Masa,Besut,Undisclosed,a month ago,N/A,sepenuh-masa-besut
N/A,N/A,N/A,N/A,N/A,N/A,N/A,N/A,N/A,N/A,sepenuh-masa-besut
https://www.maukerja.my/job?jobId=26123215&slug=turtle-conservation-intern,N/A,Turtle Conservation Intern,Bubbles Turtle Conservation,Undisclosed,Sepenuh Masa,Kuala Besut,Undisclosed,21 days ago,N/A,sepenuh-masa-besut
https://www.maukerja.my/job?jobId=26082873&slug=eksekutif-akaun,N/A,Eksekutif Akaun,TR0143233-H,Undisclosed,Sepenuh Masa,Besut,Undisclosed,a month ago,N/A,sepenuh-masa-besut
N/A,N/A,N/A,N/A,N/A,N/A,N/A,N/A,N/A,N/A,sepenuh-masa-besut
https://www.maukerja.my/job?jobId=26123215&slug=turtle-conservation-intern,N/A,Turtle Conservation Intern,Bubbles Turtle Conservation,Undisclosed,Sepenuh Masa,Kuala Besut,Undisclosed,21 days ago,N/A,sepenuh-masa-besut
https://www.maukerja.my/job?jobId=26082873&slug=eksekutif-akaun,N/A,Eksekutif Akaun,TR0143233-H,Undisclosed,Sepenuh Masa,Besut,Undisclosed,a month ago,N/A,sepenuh-masa-besut
N/A,N/A,N/A,N/A,N/A,N/A,N/A,N/A,N/A,N/A,sepenuh-masa-besut
https://www.maukerja.my/job?jobId=26123215&slug=turtle-conservation-intern,N/A,Turtle Conservation Intern,Bubbles Turtle Conservation,Undisclosed,Sepenuh Masa,Kuala Besut,Undisclosed,21 days ago,N/A,sepenuh-masa-besut
https://www.maukerja.my/job?jobId=26082873&slug=eksekutif-akaun,N/A,Eksekutif Akaun,TR0143233-H,Undisclosed,Sepenuh Masa,Besut,Undisclosed,a month ago,N/A,sepenuh-masa-besut
N/A,N/A,N/A,N/A,N/A,N/A,N/A,N/A,N/A,N/A,sepenuh-masa-besut
https://www.maukerja.my/job?jobId=26123215&slug=turtle-conservation-intern,N/A,Turtle Conservation Intern,Bubbles Turtle Conservation,Undisclosed,Sepenuh Masa,Kuala Besut,Undisclosed,21 days ago,N/A,sepenuh-masa-besut
https://www.maukerja.my/job?jobId=26082873&slug=eksekutif-akaun,N/A,Eksekutif Akaun,TR0143233-H,Undisclosed,Sepenuh Masa,Besut,Undisclosed,a month ago,N/A,sepenuh-masa-besut
N/A,N/A,N/A,N/A,N/A,N/A,N/A,N/A,N/A,N/A,sepenuh-masa-besut
https://www.maukerja.my/job?jobId=26123215&slug=turtle-conservation-intern,N/A,Turtle Conservation Intern,Bubbles Turtle Conservation,Undisclosed,Sepenuh Masa,Kuala Besut,Undisclosed,21 days ago,N/A,sepenuh-masa-besut
https://www.maukerja.my/job?jobId=26082873&slug=eksekutif-akaun,N/A,Eksekutif Akaun,TR0143233-H,Undisclosed,Sepenuh Masa,Besut,Undisclosed,a month ago,N/A,sepenuh-masa-besut
N/A,N/A,N/A,N/A,N/A,N/A,N/A,N/A,N/A,N/A,sepenuh-masa-besut
https://www.maukerja.my/job?jobId=26123215&slug=turtle-conservation-intern,N/A,Turtle Conservation Intern,Bubbles Turtle Conservation,Undisclosed,Sepenuh Masa,Kuala Besut,Undisclosed,21 days ago,N/A,sepenuh-masa-besut
https://www.maukerja.my/job?jobId=26082873&slug=eksekutif-akaun,N/A,Eksekutif Akaun,TR0143233-H,Undisclosed,Sepenuh Masa,Besut,Undisclosed,a month ago,N/A,sepenuh-masa-besut
N/A,N/A,N/A,N/A,N/A,N/A,N/A,N/A,N/A,N/A,sepenuh-masa-besut
https://www.maukerja.my/job?jobId=26123215&slug=turtle-conservation-intern,N/A,Turtle Conservation Intern,Bubbles Turtle Conservation,Undisclosed,Sepenuh Masa,Kuala Besut,Undisclosed,21 days ago,N/A,sepenuh-masa-besut
https://www.maukerja.my/job?jobId=26082873&slug=eksekutif-akaun,N/A,Eksekutif Akaun,TR0143233-H,Undisclosed,Sepenuh Masa,Besut,Undisclosed,a month ago,N/A,sepenuh-masa-besut
N/A,N/A,N/A,N/A,N/A,N/A,N/A,N/A,N/A,N/A,sepenuh-masa-besut
https://www.maukerja.my/job?jobId=26123215&slug=turtle-conservation-intern,N/A,Turtle Conservation Intern,Bubbles Turtle Conservation,Undisclosed,Sepenuh Masa,Kuala Besut,Undisclosed,21 days ago,N/A,sepenuh-masa-besut
https://www.maukerja.my/job?jobId=26082873&slug=eksekutif-akaun,N/A,Eksekutif Akaun,TR0143233-H,Undisclosed,Sepenuh Masa,Besut,Undisclosed,a month ago,N/A,sepenuh-masa-besut
N/A,N/A,N/A,N/A,N/A,N/A,N/A,N/A,N/A,N/A,sepenuh-masa-besut
https://www.maukerja.my/job?jobId=26123215&slug=turtle-conservation-intern,N/A,Turtle Conservation Intern,Bubbles Turtle Conservation,Undisclosed,Sepenuh Masa,Kuala Besut,Undisclosed,21 days ago,N/A,sepenuh-masa-besut
https://www.maukerja.my/job?jobId=26082873&slug=eksekutif-akaun,N/A,Eksekutif Akaun,TR0143233-H,Undisclosed,Sepenuh Masa,Besut,Undisclosed,a month ago,N/A,sepenuh-masa-besut
N/A,N/A,N/A,N/A,N/A,N/A,N/A,N/A,N/A,N/A,sepenuh-masa-besut
https://www.maukerja.my/job?jobId=26123215&slug=turtle-conservation-intern,N/A,Turtle Conservation Intern,Bubbles Turtle Conservation,Undisclosed,Sepenuh Masa,Kuala Besut,Undisclosed,21 days ago,N/A,sepenuh-masa-besut
https://www.maukerja.my/job?jobId=26082873&slug=eksekutif-akaun,N/A,Eksekutif Akaun,TR0143233-H,Undisclosed,Sepenuh Masa,Besut,Undisclosed,a month ago,N/A,sepenuh-masa-besut
N/A,N/A,N/A,N/A,N/A,N/A,N/A,N/A,N/A,N/A,sepenuh-masa-besut
https://www.maukerja.my/job?jobId=26123215&slug=turtle-conservation-intern,N/A,Turtle Conservation Intern,Bubbles Turtle Conservation,Undisclosed,Sepenuh Masa,Kuala Besut,Undisclosed,21 days ago,N/A,sepenuh-masa-besut
https://www.maukerja.my/job?jobId=26082873&slug=eksekutif-akaun,N/A,Eksekutif Akaun,TR0143233-H,Undisclosed,Sepenuh Masa,Besut,Undisclosed,a month ago,N/A,sepenuh-masa-besut
N/A,N/A,N/A,N/A,N/A,N/A,N/A,N/A,N/A,N/A,sepenuh-masa-besut
https://www.maukerja.my/job?jobId=26123215&slug=turtle-conservation-intern,N/A,Turtle Conservation Intern,Bubbles Turtle Conservation,Undisclosed,Sepenuh Masa,Kuala Besut,Undisclosed,21 days ago,N/A,sepenuh-masa-besut
https://www.maukerja.my/job?jobId=26082873&slug=eksekutif-akaun,N/A,Eksekutif Akaun,TR0143233-H,Undisclosed,Sepenuh Masa,Besut,Undisclosed,a month ago,N/A,sepenuh-masa-besut
N/A,N/A,N/A,N/A,N/A,N/A,N/A,N/A,N/A,N/A,sepenuh-masa-besut
https://www.maukerja.my/job?jobId=26123215&slug=turtle-conservation-intern,N/A,Turtle Conservation Intern,Bubbles Turtle Conservation,Undisclosed,Sepenuh Masa,Kuala Besut,Undisclosed,21 days ago,N/A,sepenuh-masa-besut
https://www.maukerja.my/job?jobId=26082873&slug=eksekutif-akaun,N/A,Eksekutif Akaun,TR0143233-H,Undisclosed,Sepenuh Masa,Besut,Undisclosed,a month ago,N/A,sepenuh-masa-besut
N/A,N/A,N/A,N/A,N/A,N/A,N/A,N/A,N/A,N/A,sepenuh-masa-besut
https://www.maukerja.my/job?jobId=26123215&slug=turtle-conservation-intern,N/A,Turtle Conservation Intern,Bubbles Turtle Conservation,Undisclosed,Sepenuh Masa,Kuala Besut,Undisclosed,21 days ago,N/A,sepenuh-masa-besut
https://www.maukerja.my/job?jobId=26082873&slug=eksekutif-akaun,N/A,Eksekutif Akaun,TR0143233-H,Undisclosed,Sepenuh Masa,Besut,Undisclosed,a month ago,N/A,sepenuh-masa-besut
N/A,N/A,N/A,N/A,N/A,N/A,N/A,N/A,N/A,N/A,sepenuh-masa-besut
https://www.maukerja.my/job?jobId=26123215&slug=turtle-conservation-intern,N/A,Turtle Conservation Intern,Bubbles Turtle Conservation,Undisclosed,Sepenuh Masa,Kuala Besut,Undisclosed,21 days ago,N/A,sepenuh-masa-besut
https://www.maukerja.my/job?jobId=26082873&slug=eksekutif-akaun,N/A,Eksekutif Akaun,TR0143233-H,Undisclosed,Sepenuh Masa,Besut,Undisclosed,a month ago,N/A,sepenuh-masa-besut
N/A,N/A,N/A,N/A,N/A,N/A,N/A,N/A,N/A,N/A,sepenuh-masa-besut
https://www.maukerja.my/job?jobId=26123215&slug=turtle-conservation-intern,N/A,Turtle Conservation Intern,Bubbles Turtle Conservation,Undisclosed,Sepenuh Masa,Kuala Besut,Undisclosed,21 days ago,N/A,sepenuh-masa-besut
https://www.maukerja.my/job?jobId=26082873&slug=eksekutif-akaun,N/A,Eksekutif Akaun,TR0143233-H,Undisclosed,Sepenuh Masa,Besut,Undisclosed,a month ago,N/A,sepenuh-masa-besut
N/A,N/A,N/A,N/A,N/A,N/A,N/A,N/A,N/A,N/A,sepenuh-masa-besut
https://www.maukerja.my/job?jobId=26123215&slug=turtle-conservation-intern,N/A,Turtle Conservation Intern,Bubbles Turtle Conservation,Undisclosed,Sepenuh Masa,Kuala Besut,Undisclosed,21 days ago,N/A,sepenuh-masa-besut
https://www.maukerja.my/job?jobId=26082873&slug=eksekutif-akaun,N/A,Eksekutif Akaun,TR0143233-H,Undisclosed,Sepenuh Masa,Besut,Undisclosed,a month ago,N/A,sepenuh-masa-besut
N/A,N/A,N/A,N/A,N/A,N/A,N/A,N/A,N/A,N/A,sepenuh-masa-besut
https://www.maukerja.my/job?jobId=26123215&slug=turtle-conservation-intern,N/A,Turtle Conservation Intern,Bubbles Turtle Conservation,Undisclosed,Sepenuh Masa,Kuala Besut,Undisclosed,21 days ago,N/A,sepenuh-masa-besut
https://www.maukerja.my/job?jobId=26082873&slug=eksekutif-akaun,N/A,Eksekutif Akaun,TR0143233-H,Undisclosed,Sepenuh Masa,Besut,Undisclosed,a month ago,N/A,sepenuh-masa-besut
N/A,N/A,N/A,N/A,N/A,N/A,N/A,N/A,N/A,N/A,sepenuh-masa-besut
https://www.maukerja.my/job?jobId=26123215&slug=turtle-conservation-intern,N/A,Turtle Conservation Intern,Bubbles Turtle Conservation,Undisclosed,Sepenuh Masa,Kuala Besut,Undisclosed,21 days ago,N/A,sepenuh-masa-besut
https://www.maukerja.my/job?jobId=26082873&slug=eksekutif-akaun,N/A,Eksekutif Akaun,TR0143233-H,Undisclosed,Sepenuh Masa,Besut,Undisclosed,a month ago,N/A,sepenuh-masa-besut
N/A,N/A,N/A,N/A,N/A,N/A,N/A,N/A,N/A,N/A,sepenuh-masa-besut
https://www.maukerja.my/job?jobId=26123215&slug=turtle-conservation-intern,N/A,Turtle Conservation Intern,Bubbles Turtle Conservation,Undisclosed,Sepenuh Masa,Kuala Besut,Undisclosed,21 days ago,N/A,sepenuh-masa-besut
https://www.maukerja.my/job?jobId=26082873&slug=eksekutif-akaun,N/A,Eksekutif Akaun,TR0143233-H,Undisclosed,Sepenuh Masa,Besut,Undisclosed,a month ago,N/A,sepenuh-masa-besut
N/A,N/A,N/A,N/A,N/A,N/A,N/A,N/A,N/A,N/A,sepenuh-masa-besut
https://www.maukerja.my/job?jobId=26123215&slug=turtle-conservation-intern,N/A,Turtle Conservation Intern,Bubbles Turtle Conservation,Undisclosed,Sepenuh Masa,Kuala Besut,Undisclosed,21 days ago,N/A,sepenuh-masa-besut
https://www.maukerja.my/job?jobId=26082873&slug=eksekutif-akaun,N/A,Eksekutif Akaun,TR0143233-H,Undisclosed,Sepenuh Masa,Besut,Undisclosed,a month ago,N/A,sepenuh-masa-besut
N/A,N/A,N/A,N/A,N/A,N/A,N/A,N/A,N/A,N/A,sepenuh-masa-besut
https://www.maukerja.my/job?jobId=26123215&slug=turtle-conservation-intern,N/A,Turtle Conservation Intern,Bubbles Turtle Conservation,Undisclosed,Sepenuh Masa,Kuala Besut,Undisclosed,21 days ago,N/A,sepenuh-masa-besut
https://www.maukerja.my/job?jobId=26082873&slug=eksekutif-akaun,N/A,Eksekutif Akaun,TR0143233-H,Undisclosed,Sepenuh Masa,Besut,Undisclosed,a month ago,N/A,sepenuh-masa-besut
N/A,N/A,N/A,N/A,N/A,N/A,N/A,N/A,N/A,N/A,sepenuh-masa-besut
https://www.maukerja.my/job?jobId=26123215&slug=turtle-conservation-intern,N/A,Turtle Conservation Intern,Bubbles Turtle Conservation,Undisclosed,Sepenuh Masa,Kuala Besut,Undisclosed,21 days ago,N/A,sepenuh-masa-besut
https://www.maukerja.my/job?jobId=26082873&slug=eksekutif-akaun,N/A,Eksekutif Akaun,TR0143233-H,Undisclosed,Sepenuh Masa,Besut,Undisclosed,a month ago,N/A,sepenuh-masa-besut
N/A,N/A,N/A,N/A,N/A,N/A,N/A,N/A,N/A,N/A,sepenuh-masa-besut
https://www.maukerja.my/job?jobId=26123215&slug=turtle-conservation-intern,N/A,Turtle Conservation Intern,Bubbles Turtle Conservation,Undisclosed,Sepenuh Masa,Kuala Besut,Undisclosed,21 days ago,N/A,sepenuh-masa-besut
https://www.maukerja.my/job?jobId=26082873&slug=eksekutif-akaun,N/A,Eksekutif Akaun,TR0143233-H,Undisclosed,Sepenuh Masa,Besut,Undisclosed,a month ago,N/A,sepenuh-masa-besut
N/A,N/A,N/A,N/A,N/A,N/A,N/A,N/A,N/A,N/A,sepenuh-masa-besut
https://www.maukerja.my/job?jobId=26123215&slug=turtle-conservation-intern,N/A,Turtle Conservation Intern,Bubbles Turtle Conservation,Undisclosed,Sepenuh Masa,Kuala Besut,Undisclosed,21 days ago,N/A,sepenuh-masa-besut
https://www.maukerja.my/job?jobId=26082873&slug=eksekutif-akaun,N/A,Eksekutif Akaun,TR0143233-H,Undisclosed,Sepenuh Masa,Besut,Undisclosed,a month ago,N/A,sepenuh-masa-besut
N/A,N/A,N/A,N/A,N/A,N/A,N/A,N/A,N/A,N/A,sepenuh-masa-besut
https://www.maukerja.my/job?jobId=26123215&slug=turtle-conservation-intern,N/A,Turtle Conservation Intern,Bubbles Turtle Conservation,Undisclosed,Full Time,Kuala Besut,Undisclosed,21 days ago,N/A,sepenuh-masa-besut
https://www.maukerja.my/job?jobId=26082873&slug=eksekutif-akaun,N/A,Eksekutif Akaun,TR0143233-H,Undisclosed,Full Time,Besut,Undisclosed,a month ago,N/A,sepenuh-masa-besut
N/A,N/A,N/A,N/A,N/A,N/A,N/A,N/A,N/A,N/A,sepenuh-masa-besut
https://www.maukerja.my/job?jobId=26123215&slug=turtle-conservation-intern,N/A,Turtle Conservation Intern,Bubbles Turtle Conservation,Undisclosed,Sepenuh Masa,Kuala Besut,Undisclosed,21 days ago,N/A,sepenuh-masa-besut
https://www.maukerja.my/job?jobId=26082873&slug=eksekutif-akaun,N/A,Eksekutif Akaun,TR0143233-H,Undisclosed,Sepenuh Masa,Besut,Undisclosed,a month ago,N/A,sepenuh-masa-besut
N/A,N/A,N/A,N/A,N/A,N/A,N/A,N/A,N/A,N/A,sepenuh-masa-besut
https://www.maukerja.my/job?jobId=26123215&slug=turtle-conservation-intern,N/A,Turtle Conservation Intern,Bubbles Turtle Conservation,Undisclosed,Sepenuh Masa,Kuala Besut,Undisclosed,21 days ago,N/A,sepenuh-masa-besut
https://www.maukerja.my/job?jobId=26082873&slug=eksekutif-akaun,N/A,Eksekutif Akaun,TR0143233-H,Undisclosed,Sepenuh Masa,Besut,Undisclosed,a month ago,N/A,sepenuh-masa-besut
N/A,N/A,N/A,N/A,N/A,N/A,N/A,N/A,N/A,N/A,sepenuh-masa-besut
https://www.maukerja.my/job?jobId=26123215&slug=turtle-conservation-intern,N/A,Turtle Conservation Intern,Bubbles Turtle Conservation,Undisclosed,Sepenuh Masa,Kuala Besut,Undisclosed,21 days ago,N/A,sepenuh-masa-besut
https://www.maukerja.my/job?jobId=26082873&slug=eksekutif-akaun,N/A,Eksekutif Akaun,TR0143233-H,Undisclosed,Sepenuh Masa,Besut,Undisclosed,a month ago,N/A,sepenuh-masa-besut
N/A,N/A,N/A,N/A,N/A,N/A,N/A,N/A,N/A,N/A,sepenuh-masa-besut
https://www.maukerja.my/job?jobId=26123215&slug=turtle-conservation-intern,N/A,Turtle Conservation Intern,Bubbles Turtle Conservation,Undisclosed,Sepenuh Masa,Kuala Besut,Undisclosed,21 days ago,N/A,sepenuh-masa-besut
https://www.maukerja.my/job?jobId=26082873&slug=eksekutif-akaun,N/A,Eksekutif Akaun,TR0143233-H,Undisclosed,Sepenuh Masa,Besut,Undisclosed,a month ago,N/A,sepenuh-masa-besut
N/A,N/A,N/A,N/A,N/A,N/A,N/A,N/A,N/A,N/A,sepenuh-masa-besut
https://www.maukerja.my/job?jobId=26123215&slug=turtle-conservation-intern,N/A,Turtle Conservation Intern,Bubbles Turtle Conservation,Undisclosed,Sepenuh Masa,Kuala Besut,Undisclosed,21 days ago,N/A,sepenuh-masa-besut
https://www.maukerja.my/job?jobId=26082873&slug=eksekutif-akaun,N/A,Eksekutif Akaun,TR0143233-H,Undisclosed,Sepenuh Masa,Besut,Undisclosed,a month ago,N/A,sepenuh-masa-besut
N/A,N/A,N/A,N/A,N/A,N/A,N/A,N/A,N/A,N/A,sepenuh-masa-besut
https://www.maukerja.my/job?jobId=26123215&slug=turtle-conservation-intern,N/A,Turtle Conservation Intern,Bubbles Turtle Conservation,Undisclosed,Sepenuh Masa,Kuala Besut,Undisclosed,21 days ago,N/A,sepenuh-masa-besut
https://www.maukerja.my/job?jobId=26082873&slug=eksekutif-akaun,N/A,Eksekutif Akaun,TR0143233-H,Undisclosed,Sepenuh Masa,Besut,Undisclosed,a month ago,N/A,sepenuh-masa-besut
N/A,N/A,N/A,N/A,N/A,N/A,N/A,N/A,N/A,N/A,sepenuh-masa-besut
https://www.maukerja.my/job?jobId=26123215&slug=turtle-conservation-intern,N/A,Turtle Conservation Intern,Bubbles Turtle Conservation,Undisclosed,Sepenuh Masa,Kuala Besut,Undisclosed,21 days ago,N/A,sepenuh-masa-besut
https://www.maukerja.my/job?jobId=26082873&slug=eksekutif-akaun,N/A,Eksekutif Akaun,TR0143233-H,Undisclosed,Sepenuh Masa,Besut,Undisclosed,a month ago,N/A,sepenuh-masa-besut
N/A,N/A,N/A,N/A,N/A,N/A,N/A,N/A,N/A,N/A,sepenuh-masa-besut
https://www.maukerja.my/job?jobId=26123215&slug=turtle-conservation-intern,N/A,Turtle Conservation Intern,Bubbles Turtle Conservation,Undisclosed,Sepenuh Masa,Kuala Besut,Undisclosed,21 days ago,N/A,sepenuh-masa-besut
https://www.maukerja.my/job?jobId=26082873&slug=eksekutif-akaun,N/A,Eksekutif Akaun,TR0143233-H,Undisclosed,Sepenuh Masa,Besut,Undisclosed,a month ago,N/A,sepenuh-masa-besut
N/A,N/A,N/A,N/A,N/A,N/A,N/A,N/A,N/A,N/A,sepenuh-masa-besut
https://www.maukerja.my/job?jobId=26123215&slug=turtle-conservation-intern,N/A,Turtle Conservation Intern,Bubbles Turtle Conservation,Undisclosed,Sepenuh Masa,Kuala Besut,Undisclosed,21 days ago,N/A,sepenuh-masa-besut
https://www.maukerja.my/job?jobId=26082873&slug=eksekutif-akaun,N/A,Eksekutif Akaun,TR0143233-H,Undisclosed,Sepenuh Masa,Besut,Undisclosed,a month ago,N/A,sepenuh-masa-besut
N/A,N/A,N/A,N/A,N/A,N/A,N/A,N/A,N/A,N/A,sepenuh-masa-besut
https://www.maukerja.my/job?jobId=26123215&slug=turtle-conservation-intern,N/A,Turtle Conservation Intern,Bubbles Turtle Conservation,Undisclosed,Sepenuh Masa,Kuala Besut,Undisclosed,21 days ago,N/A,sepenuh-masa-besut
https://www.maukerja.my/job?jobId=26082873&slug=eksekutif-akaun,N/A,Eksekutif Akaun,TR0143233-H,Undisclosed,Sepenuh Masa,Besut,Undisclosed,a month ago,N/A,sepenuh-masa-besut
N/A,N/A,N/A,N/A,N/A,N/A,N/A,N/A,N/A,N/A,sepenuh-masa-besut
https://www.maukerja.my/job?jobId=26123215&slug=turtle-conservation-intern,N/A,Turtle Conservation Intern,Bubbles Turtle Conservation,Undisclosed,Sepenuh Masa,Kuala Besut,Undisclosed,21 days ago,N/A,sepenuh-masa-besut
https://www.maukerja.my/job?jobId=26082873&slug=eksekutif-akaun,N/A,Eksekutif Akaun,TR0143233-H,Undisclosed,Sepenuh Masa,Besut,Undisclosed,a month ago,N/A,sepenuh-masa-besut
N/A,N/A,N/A,N/A,N/A,N/A,N/A,N/A,N/A,N/A,sepenuh-masa-besut
https://www.maukerja.my/job?jobId=26123215&slug=turtle-conservation-intern,N/A,Turtle Conservation Intern,Bubbles Turtle Conservation,Undisclosed,Sepenuh Masa,Kuala Besut,Undisclosed,21 days ago,N/A,sepenuh-masa-besut
https://www.maukerja.my/job?jobId=26082873&slug=eksekutif-akaun,N/A,Eksekutif Akaun,TR0143233-H,Undisclosed,Sepenuh Masa,Besut,Undisclosed,a month ago,N/A,sepenuh-masa-besut
N/A,N/A,N/A,N/A,N/A,N/A,N/A,N/A,N/A,N/A,sepenuh-masa-besut
https://www.maukerja.my/job?jobId=26123215&slug=turtle-conservation-intern,N/A,Turtle Conservation Intern,Bubbles Turtle Conservation,Undisclosed,Sepenuh Masa,Kuala Besut,Undisclosed,21 days ago,N/A,sepenuh-masa-besut
https://www.maukerja.my/job?jobId=26082873&slug=eksekutif-akaun,N/A,Eksekutif Akaun,TR0143233-H,Undisclosed,Sepenuh Masa,Besut,Undisclosed,a month ago,N/A,sepenuh-masa-besut
N/A,N/A,N/A,N/A,N/A,N/A,N/A,N/A,N/A,N/A,sepenuh-masa-besut
https://www.maukerja.my/job?jobId=26123215&slug=turtle-conservation-intern,N/A,Turtle Conservation Intern,Bubbles Turtle Conservation,Undisclosed,Sepenuh Masa,Kuala Besut,Undisclosed,21 days ago,N/A,sepenuh-masa-besut
https://www.maukerja.my/job?jobId=26082873&slug=eksekutif-akaun,N/A,Eksekutif Akaun,TR0143233-H,Undisclosed,Sepenuh Masa,Besut,Undisclosed,a month ago,N/A,sepenuh-masa-besut
N/A,N/A,N/A,N/A,N/A,N/A,N/A,N/A,N/A,N/A,sepenuh-masa-besut
https://www.maukerja.my/job?jobId=26123215&slug=turtle-conservation-intern,N/A,Turtle Conservation Intern,Bubbles Turtle Conservation,Undisclosed,Sepenuh Masa,Kuala Besut,Undisclosed,21 days ago,N/A,sepenuh-masa-besut
https://www.maukerja.my/job?jobId=26082873&slug=eksekutif-akaun,N/A,Eksekutif Akaun,TR0143233-H,Undisclosed,Sepenuh Masa,Besut,Undisclosed,a month ago,N/A,sepenuh-masa-besut
N/A,N/A,N/A,N/A,N/A,N/A,N/A,N/A,N/A,N/A,sepenuh-masa-besut
https://www.maukerja.my/job?jobId=26123215&slug=turtle-conservation-intern,N/A,Turtle Conservation Intern,Bubbles Turtle Conservation,Undisclosed,Sepenuh Masa,Kuala Besut,Undisclosed,21 days ago,N/A,sepenuh-masa-besut
https://www.maukerja.my/job?jobId=26082873&slug=eksekutif-akaun,N/A,Eksekutif Akaun,TR0143233-H,Undisclosed,Sepenuh Masa,Besut,Undisclosed,a month ago,N/A,sepenuh-masa-besut
N/A,N/A,N/A,N/A,N/A,N/A,N/A,N/A,N/A,N/A,sepenuh-masa-besut
https://www.maukerja.my/job?jobId=26123215&slug=turtle-conservation-intern,N/A,Turtle Conservation Intern,Bubbles Turtle Conservation,Undisclosed,Sepenuh Masa,Kuala Besut,Undisclosed,21 days ago,N/A,sepenuh-masa-besut
https://www.maukerja.my/job?jobId=26082873&slug=eksekutif-akaun,N/A,Eksekutif Akaun,TR0143233-H,Undisclosed,Sepenuh Masa,Besut,Undisclosed,a month ago,N/A,sepenuh-masa-besut
N/A,N/A,N/A,N/A,N/A,N/A,N/A,N/A,N/A,N/A,sepenuh-masa-besut
https://www.maukerja.my/job?jobId=26123215&slug=turtle-conservation-intern,N/A,Turtle Conservation Intern,Bubbles Turtle Conservation,Undisclosed,Sepenuh Masa,Kuala Besut,Undisclosed,21 days ago,N/A,sepenuh-masa-besut
https://www.maukerja.my/job?jobId=26082873&slug=eksekutif-akaun,N/A,Eksekutif Akaun,TR0143233-H,Undisclosed,Sepenuh Masa,Besut,Undisclosed,a month ago,N/A,sepenuh-masa-besut
N/A,N/A,N/A,N/A,N/A,N/A,N/A,N/A,N/A,N/A,sepenuh-masa-besut
https://www.maukerja.my/job?jobId=26123215&slug=turtle-conservation-intern,N/A,Turtle Conservation Intern,Bubbles Turtle Conservation,Undisclosed,Sepenuh Masa,Kuala Besut,Undisclosed,21 days ago,N/A,sepenuh-masa-besut
https://www.maukerja.my/job?jobId=26082873&slug=eksekutif-akaun,N/A,Eksekutif Akaun,TR0143233-H,Undisclosed,Sepenuh Masa,Besut,Undisclosed,a month ago,N/A,sepenuh-masa-besut
N/A,N/A,N/A,N/A,N/A,N/A,N/A,N/A,N/A,N/A,sepenuh-masa-besut
https://www.maukerja.my/job?jobId=26123215&slug=turtle-conservation-intern,N/A,Turtle Conservation Intern,Bubbles Turtle Conservation,Undisclosed,Sepenuh Masa,Kuala Besut,Undisclosed,21 days ago,N/A,sepenuh-masa-besut
https://www.maukerja.my/job?jobId=26082873&slug=eksekutif-akaun,N/A,Eksekutif Akaun,TR0143233-H,Undisclosed,Sepenuh Masa,Besut,Undisclosed,a month ago,N/A,sepenuh-masa-besut
N/A,N/A,N/A,N/A,N/A,N/A,N/A,N/A,N/A,N/A,sepenuh-masa-besut
https://www.maukerja.my/job?jobId=26123215&slug=turtle-conservation-intern,N/A,Turtle Conservation Intern,Bubbles Turtle Conservation,Undisclosed,Sepenuh Masa,Kuala Besut,Undisclosed,21 days ago,N/A,sepenuh-masa-besut
https://www.maukerja.my/job?jobId=26082873&slug=eksekutif-akaun,N/A,Eksekutif Akaun,TR0143233-H,Undisclosed,Sepenuh Masa,Besut,Undisclosed,a month ago,N/A,sepenuh-masa-besut
N/A,N/A,N/A,N/A,N/A,N/A,N/A,N/A,N/A,N/A,sepenuh-masa-besut
https://www.maukerja.my/job?jobId=26123215&slug=turtle-conservation-intern,N/A,Turtle Conservation Intern,Bubbles Turtle Conservation,Undisclosed,Sepenuh Masa,Kuala Besut,Undisclosed,21 days ago,N/A,sepenuh-masa-besut
https://www.maukerja.my/job?jobId=26082873&slug=eksekutif-akaun,N/A,Eksekutif Akaun,TR0143233-H,Undisclosed,Sepenuh Masa,Besut,Undisclosed,a month ago,N/A,sepenuh-masa-besut
